"Participant","l_fit","beta","tau","condition","NLL","AIC"
4rrw4vlw3mrs9v533ztqt4tq,1.8825787194920403,0.006737946999085467,0.060167578726039825,0,481.7558874556174,973.5117749112349
45r54c5m4cqzl3ctz9lqr4z3,7.399677493136998,0.006737946999085467,0.05433215261240851,0,361.8787487897833,733.7574975795666
lltv564rqmcvzqq9c3s5lmr9,16.291864967003164,0.006737946999085467,0.07315235420390971,0,413.45131072115805,836.9026214423161
45r34t4rh6445vs4h3mqt434,13.187805609688919,0.6740390580648454,0.08804646573450395,0,447.93717519426633,905.8743503885327
44r44zmrtvl59ml3llcql4w4,17.529732631990925,0.9125021589545952,0.07888867307114275,0,466.0950051898754,942.1900103797508
sstr63rwvsmz36hmqs6hzzvs,8.213617392478296,0.006737946999085467,0.0803603274840845,0,399.3062788373566,808.6125576747132
4qrwq53mslq4cr4vsrt6946c,20.484840010645907,0.006737946999085467,0.049538767716511195,0,308.48707536114824,626.9741507222965
43rzq63t93hsl5ccc9369s5z,0.6144439753527703,0.38434001607244594,0.08324059527017894,0,426.86571191492436,863.7314238298487
6mtzhvrqrcs3rq3vhhrr5c43,12.852516783832748,0.7725794168051772,0.06765678057516207,0,451.36756344980614,912.7351268996123
tstr6t4hc5s3z6r4vmhz366q,0.635718872762154,0.20462382024690748,0.05939432500230004,0,332.4709247851317,674.9418495702633
4wrzqq5v5hthcvw6q933l4lm,10.00921036701098,0.006737946999085467,0.09441328251225042,0,510.9563497080434,1031.9126994160868
5ctz9lwc6rt9c64rztwr6rzm,15.61149088623838,0.9966324862716885,0.061821077401329416,0,464.00086641356665,938.0017328271333
w6t369hrcqztq4994tvhmmzr,17.088007977694183,0.006737946999085467,0.06003951684455967,0,412.30532270861846,834.6106454172369
4zr94h9h9369rmm6h6lq349v,0.5852830944175835,0.1045106386774858,0.043295267798299786,0,352.30331828153334,714.6066365630667
4qrs4qcwwtz9qchr33lqz43h,15.752258810583523,1.256171035510827,0.06308884384578728,0,426.18816001367793,862.3763200273559
46r64hhtvsz9rmrscrcqz4vv,1.6965841110755764,0.006737946999085467,0.0679743604660166,0,417.9296234478734,845.8592468957468
4rrm4tcchtl49z3w3z63h4v6,0.5627223401124938,0.12786514283936012,0.04293632806672504,0,469.88900330530174,949.7780066106035
lzrhwclcm4mlvc9lmvlwswht,13.722819014260043,1.1507191268049106,0.09035993932820063,0,458.3067899514976,926.6135799029952
mvtr3v5q95zl6qlv4ws93tcs,13.971649140861008,1.149232069946399,0.0917848211473158,0,413.38584992720445,836.7716998544089
4ztz9cwlhttm9qqh4tmvwc5h,18.017264396965686,0.8745592631943556,0.07881315095732397,0,391.7073836914094,793.4147673828188
4tr9q9qmszw33vhmv33t54w4,20.168682537670094,1.7023391595440283,0.0629712356526827,0,429.7675570916947,869.5351141833894
4wr6365m5ztv35vswq3436ws,12.842713280933213,1.1605049890768284,0.07841853403668975,0,441.00605302658624,892.0121060531725
4wrz49rt3wv4qvm36r5q649z,12.913794831435567,0.38445745172114704,0.06949741349130406,0,499.1897803516266,1008.3795607032532
4sr34wwcvzvr33l9t4vq64l4,12.0923536585758,0.7076938273275133,0.08145833259596261,0,413.2682751361725,836.536550272345
qht6z65mss65t4rmq9llszth,0.5123648349956276,0.22740486167372148,0.0539596169229194,0,383.6723426583716,777.3446853167432
49r64m9sqmlc9t5wq69tq463,13.124137703045207,0.6182708623738518,0.08085989770260413,0,407.15930392157924,824.3186078431585
4trzqwcv6649tczrrlq3l466,14.942448521521856,0.5945270297953371,0.06428989442116806,0,392.43514159524807,794.8702831904961
6vrm99wzvh35rzsrvwwtrczt,5.858516539382588,0.22880961077408135,0.06874937747220025,0,450.0242753505486,910.0485507010972
44r54szvvth99l4mt4qqt4qw,0.48160985845393744,0.8055168744408994,0.18736129951810057,0,397.1595155163962,804.3190310327924
vqtlrhrrsr53m4m45mrmr9m9,0.7039513293097045,0.45911931444853826,0.08403728362556492,0,444.75698896491815,899.5139779298363
9wtlzmtvw495v6cc6c5r4s44,0.8511247050020109,0.05963578147783026,0.05159795848177408,0,417.3040616807001,844.6081233614002
lzt9m6rzhzvsc6zt3tzttmzz,0.7062668579183777,0.3177828229784262,0.06258403066260848,0,378.6825382893583,767.3650765787166
qzr5q3z6vsvwl5m9z34zz3hw,1.4881734899014485,0.006737946999085467,0.05328498988878243,0,432.47476327535634,874.9495265507127
4wr3qqvq3w95wcc9t9wlw4c6,14.953006983659488,0.8630602428401944,0.0557313320725946,0,425.8521792014607,861.7043584029213
vhtq5zchhvrm3664zr3hc65m,11.691721998209996,0.12671373923146412,0.06594124750667231,0,427.7696945248968,865.5393890497936
4zrzqhwwszcmlvz4s6lwz4c5,8.696667113848731,0.006737946999085467,0.042304281774705306,0,360.517291414858,731.034582829716
4crr4qcqz5vrls4vrqwqh4ms,10.953710758599183,0.5571408845193129,0.0774064818775242,0,451.3882290338704,912.7764580677408
49rs4c9wtw9zws4tcq3q94cw,9.98218861771531,0.42635491709673573,0.06920017806288367,0,422.7526082127827,855.5052164255654
45r94sc4rsvlt3hhqs4q345m,0.4970447442886413,0.057888954187936936,0.023051783571290094,0,251.00245990111821,512.0049198022364
qzt9c5srl4h4q4vm3lvrqzcz,13.670344227385591,0.006737946999085467,0.058182552664508405,0,334.3129713445347,678.6259426890693
clt4966zmmz654t3l93l4sw9,1.9443834750484217,0.006737946999085467,0.05981439122161561,0,469.6921473562921,949.3842947125842
99tqcvrwlszs949zhlrcmvmr,10.451551435971295,0.006737946999085467,0.05496152667386382,0,433.39641023981017,876.7928204796203
4rr9qh39lwrvlvwm654r54w9,15.964885988041882,0.12976985385276107,0.06768224823025534,0,402.8590020233605,815.718004046721
cct6cllh9wtqm6t54r6cw3qr,19.163620342723195,0.006737946999085467,0.07324954653757655,0,446.24500600175395,902.4900120035079
t5tt6vltm3939qtmv3qmvw49,0.769490163390945,0.0442085155096613,0.037026532113534086,0,259.65455171615315,529.3091034323063
twtzmvq9639ts49wll9c65hq,0.9859813847466,0.08080435490050292,0.04517305648921953,0,401.77115934643166,813.5423186928633
4crcq3h3zslclv6qwmz6s453,3.351726416998253,0.07488168626100443,0.05236079544668226,0,368.1318385928343,746.2636771856686
33tm3r9vwlrzs4mzrrvhcqsz,0.5180662056466748,0.7985221995406941,0.1504810223567704,0,353.179289239366,716.358578478732
4crrtql9ctwwz5cwzvs3c5ql,10.374612671067249,0.37061199366044983,0.07663342386144978,0,410.26864206592484,830.5372841318497
qrrzt3mq4ztmmztzszmqsm4s,11.649489517034414,0.014761296735017776,0.0866308957787358,0,445.5548910950221,901.1097821900443
64rqchzrzww3m5hs495l3qzs,13.010359297862106,0.8992288802634449,0.05775644786927524,0,375.17700826039135,760.3540165207827
z3t64h494tq9r4mz3vl434v6,0.8399631837096604,0.6985774899528094,0.1549488533661626,0,405.744473177065,821.48894635413
4hr44lch6vl5hmm9vm5ql4c3,3.827904117630027,0.6342567381957006,0.06922312827504828,0,389.48660820842014,788.9732164168403
qstzhrq6hvswv4rhthv6mrwq,13.47480224644794,0.006737946999085467,0.09362783132690772,0,413.95655985384315,837.9131197076863
4qr34shqmq5m43m6wh9qs45c,13.547152070282943,0.6417716095719228,0.0749713509905634,0,435.1444211428605,880.288842285721
4vrt4t9z9htr9lrhtmvq544c,13.530692896917067,0.815957202028259,0.07716302121874252,0,445.6604602588478,901.3209205176956
69thlzq3366qhql653rwrzqs,0.7449367812209593,0.42688230089808116,0.07793446889294875,0,424.38175455154146,858.7635091030829
hrthcltvhqlcm6mvc4w63tq9,0.6853767480528505,0.35077586193213767,0.06926465318219191,0,348.39963764314547,706.7992752862909
46r34h9tqw9vrshhw96qc4zr,1.5261229044083813,0.006737946999085467,0.04742083685331977,0,432.9114350230096,875.8228700460191
66tmzww45vw9c4h39c4r6rq6,14.477848591694926,0.6786328436620399,0.07635148577174755,0,472.99809567334995,955.9961913466999
4crs4vmc4h55qvqmls4qh453,14.191272191482852,0.006737946999085467,0.04533910162295163,0,406.6817815323319,823.3635630646638
cvt4th9vcshr6q559w46z46l,17.175536998887583,0.9446134530924565,0.061301714114785744,0,481.89217614109634,973.7843522821927
5stvthw4vthstq635l6ww4w9,0.5411631407513755,0.3720558598565399,0.06633741495330203,0,272.1295388726429,554.2590777452858
44rmqzs3zzrssvq66cr9m4l3,0.8717290296143198,0.1577229898465727,0.07092001129809995,0,447.36426532679076,904.7285306535815
qsrrv9r399hl655wqmshwc4v,13.387508049449707,0.981533175663879,0.07609111214145386,0,435.2572160727116,880.5144321454233
hqt4zv39rr49qhvz6lqwtmqh,12.93847922369332,0.11146157811946732,0.08375480638108482,0,402.3371613216788,814.6743226433576
cqtr9mqwmqrqqhr45z6qtqw4,13.307889910451669,0.8883727410913675,0.07670952531430561,0,397.29207982855445,804.5841596571089
twtv6434qrh3z6ql5m4h336z,3.7420874417915373,0.006737946999085467,0.0760086158884778,0,447.8275004431541,905.6550008863082
4mrh4lzrq9zq9l5clzzqc4ht,9.000009221399962,0.19638109468098852,0.06842350221582016,0,371.3826094323949,752.7652188647897
vtt4c4mcthw4rq4smvtzz6m4,8.876186570959534,0.25710396054334794,0.08787495346996399,0,455.28581745216934,920.5716349043387
3ht5m4wcczzcl6z96zwr3tc9,12.66189868377668,0.6415726168717939,0.07976290640927615,0,414.4489603498298,838.8979206996596
chtqwhc4shqmc49ztq9lsthv,9.468656107706323,0.4319960867825219,0.058353295406735645,0,422.61946274128843,855.2389254825769
6sr9zq3clcw4rzlt5m4wqcc6,10.456359648268373,0.9759022116493206,0.058132261866391456,0,445.3571675107805,900.714335021561
qltq94vs5tmmz6qq5mcz5w35,16.487777472817953,0.7308522379729986,0.06763168880619763,0,439.98942418421564,889.9788483684313
4wrt49z64cvts3c339cq34hm,11.579204698076008,0.7265103406192909,0.09631329798497856,0,439.71171964097886,889.4234392819577
4rr4qr63tqww5vrsqtrwv46s,0.7178996999204212,0.5010703272485227,0.11668056385165482,0,364.410094349194,738.820188698388
4lr5qc94z3lrhc9z6rl3s4mr,15.165694941769914,1.0438930508147792,0.04951934919893112,0,395.80464302142485,801.6092860428497
4wrq49scwwqhh5zmmqsvz434,20.558517524602635,0.8725257811981281,0.06727982213517175,0,441.37669890991396,892.7533978198279
99tm56rwzr5lqh6z6mscq9h9,24.087877066146078,0.006737946999085467,0.05253402596859722,0,411.7505875188098,833.5011750376196
43rc55sq9l34z5vlrvrwttm4,0.8191243687775928,0.3546121084133341,0.07252014836190496,0,335.91895115981345,681.8379023196269
3stt3wq4szt54hq99tql43qt,23.202658733425004,0.006737946999085467,0.04698575461624026,0,440.0091946943879,890.0183893887757
wwt4t66hszzzc6qmz3zwv9rm,1.1155055315135778,0.006737946999085467,0.046746379845394696,0,446.74162724287027,903.4832544857405
h5tzm4r4mwm5rq33q4tvlzzm,15.085209296500736,0.9422661565601252,0.06438577708754487,0,412.9214620125546,835.8429240251093
4crr4rvsz6rtr39v3s6qv4sh,19.585739322020174,0.9183147528043547,0.0570338136680591,0,374.5100857108238,759.0201714216475
59t6wzvqsrrz56t54ltq4s54,13.275504748679047,0.8028472511859853,0.07680192846224906,0,452.7893743897802,915.5787487795604
4cr35cv3hm453593w345v9vl,2.613362206446636,0.006737946999085467,0.06115334091420158,0,412.4700284300169,834.9400568600338
4trz4wrwrvz5rml3mc4qs4z5,0.8609510250015915,0.12635328767192272,0.04174009416906414,0,382.7679260313547,775.5358520627094
4mr6q4wzhltzrch3tr5w64h4,10.541538196421621,0.16490072567616948,0.07766710638236986,0,422.2792200679517,854.5584401359034
t3t65tm94r4tz4sqqc4rs65m,8.101164018750966,0.2906943902184138,0.06069099504260904,0,411.7272396731757,833.4544793463514
4zr445z6zvcssmt9qmzq64mr,5.546385087414515,0.5263316302739094,0.09808008632606875,0,486.5319714460395,983.063942892079
45rc4sz355c3clzl9srqz46t,11.775792670790873,0.25091336302217804,0.07627842777861657,0,396.7333919974951,803.4667839949902
s5tw9zrwsrcw36s3hqwrtctl,10.37806603272041,0.10985983276668762,0.06276724676853197,0,394.9858517961876,799.9717035923752
54tzz44zm4q5hqwcvtqrttvt,0.28861646121816775,0.7646254376155989,0.1640612239987727,0,420.9317143496963,851.8634286993926
rrtss5zs9vmt64hs4vc336hm,12.505750064221678,0.37624960956020703,0.10752998650859551,0,496.8103817608447,1003.6207635216894
4lr4463vlcz96l5wwt3qq44l,0.895721484161978,0.4733510329153464,0.08478042151986877,0,361.91677003899997,733.8335400779999
sctczct35sslc4sr9hll3vcs,9.864590623567615,0.5099934377371615,0.08068841920085154,0,433.1871768100091,876.3743536200182
45r54qzzhltztvhwrhmq646m,0.6263604859541532,0.5952873848903351,0.10743702877494843,0,353.57787860917244,717.1557572183449
h4r43mwzz964cc63599z6clq,10.298887196534826,0.5436058043597987,0.09003969318352084,0,443.8196781973412,897.6393563946824
q4r34cr6mq3zmcmqmmt5rqmc,17.71182232179163,0.23617349410041932,0.07914398871168953,0,452.1181024100734,914.2362048201468
5ztc3zh4h59956v9zhqtqvqt,11.358053683655672,0.6581270421662315,0.08771268904783494,0,474.81981091614654,959.6396218322931
q5trh6qlcv3sh4w6whvws9lt,11.334458136890431,0.05366165647906183,0.077278885145687,0,457.5355406888391,925.0710813776782
sqt9h63wz6c6w6s545thmml5,14.7972087640717,0.6602219131194957,0.06733837268822727,0,400.04226067695254,810.0845213539051
rttlzthh5vlsqh5r3hqmzlmw,6.366300362617344,0.006737946999085467,0.0748913758154672,0,450.39330066634597,910.7866013326919
h6rq4lm53rhrq5m39mhm4rt5,0.5212510976275283,0.14801320500476134,0.03925721844706334,0,342.9003478780081,695.8006957560162
v3tm3ztwwth66q4v5h3lr6h6,7.6249838967105195,0.28070016326909564,0.08543554745021034,0,439.6605289164073,889.3210578328146
56ts943rqw34c6m3hl3zh4lh,16.073107034502335,0.5648121122841715,0.08458420922892476,0,436.0431412708074,882.0862825416148
6ztt3vwh555rqqwt9vstqsmz,0.7234954382924144,0.6060312153656129,0.10871641278718572,0,344.80471213496065,699.6094242699213
3vtqhqwww6vqhqz4c4zm46lw,15.666487042769273,0.006737946999085467,0.060768318713479264,0,339.52592362007715,689.0518472401543
sttm39wmrr9wqqqlvz6srv66,15.3345872169451,0.006737946999085467,0.06814029691989128,0,461.72862367054466,933.4572473410893
m4r649cthqzchz3rmc6zczqz,10.885886452395145,0.006737946999085467,0.05647603141260757,0,370.41692214737685,750.8338442947537
z9t4qqr64trmqhr4lwczt4ms,11.56991321039395,0.006737946999085467,0.06418825065031665,0,407.9960041776181,825.9920083552362
qzrmqwl9l5wrv565vt3zc9rl,12.920002094598638,0.36700064971569735,0.0676158621509309,0,429.7968871079707,869.5937742159414
shtc6vsrvtc4z6lslcl3lc3c,11.717677230924757,0.7787240220507643,0.08632124532448264,0,425.456190038733,860.912380077466
vstz4lt9thtss6h9cz346z4z,17.68543248602155,0.5658166573389349,0.08063237100361398,0,417.5023929889484,845.0047859778967
4mrt46q9stlw6cs6vt3qv44t,0.4982951816844664,0.13313069870771693,0.03994904909729606,0,324.98281092472786,659.9656218494557
4hrz496cqvc6rlqzr6hq94rz,13.041012446937845,0.5762139406725465,0.0780116754071806,0,363.4266739612673,736.8533479225346
44rh44tmsm4r53rz6mhq6434,9.796325043577603,0.006737946999085467,0.0675150118073235,0,376.4815970815215,762.963194163043
4cr94wrqvrl3934wmtrqs453,10.697878185457922,0.27001756552959816,0.07966128111764606,0,440.19447770955037,890.3889554191007
9cr3qc53hwscw5r4wcwqcwqh,13.485958266955855,1.0335250915252936,0.07786467810971853,0,396.5406826170532,803.0813652341064
r5rv6zrvzlmlw9mczs66whwz,18.49900589361315,1.1996702711794986,0.06505061183115521,0,468.72954238186867,947.4590847637373
4qr6qmlszmhc9t5wqqh64463,17.967966949701143,1.6218868320851971,0.05929401672845762,0,432.91286524397105,875.8257304879421
4mrh4rmqslm99wq5r95t44vm,12.621230213381876,0.6284726507892384,0.08707642548271805,0,489.3883213701569,988.7766427403138
9zr5w4r3rmwrc5s3vshz4q5z,16.95112393409827,0.11420848166251457,0.08206485726661251,0,424.3675918863679,858.7351837727358
m3tqh6zvvch66qchwsz5cmmt,15.676870390296923,0.644833085058599,0.04991608496173118,0,397.5337155809463,805.0674311618926
l5t53qmrsc3lm65s54q6q66q,12.803897452527167,0.49735802007969676,0.07734677816728891,0,426.9970042557292,863.9940085114584
t9rh99vlhqlhhzmv4q5msqlh,8.484971399258061,0.006737946999085467,0.050213880339831776,0,363.49917210817483,736.9983442163497
vctr4q4t939tz6lczmw6zwv9,0.64502492692378,0.5795002954058581,0.1153878788770469,0,419.7915881247161,849.5831762494322
4ttqlmm6rm3s4hqlstwwmh3s,6.523123087856605,0.008809821505936406,0.06533020524340233,0,426.682900293526,863.365800587052
trtr6v9z9qwtm6r5q9scch34,0.6217463714832945,0.4847757336339641,0.09700636837054694,0,380.86141983580956,771.7228396716191
q3t9mwv36z5vc6m6vrml99tq,16.15080325591493,0.38351189099512617,0.07634775304616544,0,472.6555503718601,955.3111007437202
cctt45lhtvh6w6whh3twwlml,13.493408133482076,0.7276013836190993,0.08658135178980586,0,417.90800031897,845.81600063794
v6tcmmm5lzw456mrc4qq4q5v,0.6105184990096932,0.09022276743025551,0.043507702909126755,0,387.9650331644788,785.9300663289577
rrt6wq964hstm64qthlr4h64,16.011050930195854,0.07544166228591262,0.06570346589079462,0,400.8281884982167,811.6563769964334
3rtl9lqrw6zh56mmz6q3qzhh,0.7421472462468643,0.4976777181214197,0.08278687860859552,0,353.2296114369397,716.4592228738794
w9t4swlzv46lm6chvhqcc9ql,14.336708800112781,1.4159078144098691,0.05626090977255278,0,401.42844102828906,812.8568820565781
hmt54tvh49mwz6vrmvw54cr4,0.6829019499865183,0.6558622021818852,0.12875698087600568,0,463.7872409215079,937.5744818430157
sstrt499c99rz635qmcz3qqq,12.735982181824076,0.15556117549354193,0.06785969322577695,0,420.74664700279914,851.4932940055983
5ht656h9ml4qc6m4mq349vzq,1.2831354753590651,0.006737946999085467,0.04433152050210081,0,387.662753633065,785.32550726613
4rr963tt39htv5v646r66q4l,5.375839452658204,0.006737946999085467,0.06490504572717522,0,396.8877378924708,803.7754757849416
49r64vmstwtrrvvw4hhql4sc,15.233300709016614,0.833335415399165,0.053188830790593694,0,383.8629298808463,777.7258597616926
43rz4qv6sc3wh3ttrhcq54m4,10.31493582703547,0.36088304213788885,0.08648702022699634,0,435.5638104904112,881.1276209808224
43rz4c4vrcwqzltr4w9q94lq,11.268348281743236,0.35329904780527593,0.08937085859157536,0,438.7054833174218,887.4109666348436
4lrl44rr5m5tvl5hhm4qm46r,10.545174704343465,0.13769310970903686,0.07503112715331721,0,443.2657352966424,896.5314705932848
vttz6rqsv5v6rqqsvzhzst4w,12.045083105124274,0.6320145753687926,0.08455268968873302,0,447.0152697199521,904.0305394399041
c6tms9v56h9wqhhm4hw5993c,1.3616924224662674,0.006737946999085467,0.04188933648548422,0,445.3398367891135,900.679673578227
wltc4vmhzvqth4zlsm5c9ccw,1.79459976957151,0.16015132253348385,0.06424222667542441,0,384.3225714828041,778.6451429656082
mzthz6rzm53zwqlcvhhl9m6h,10.264253250843463,0.440017019754458,0.06794874618899778,0,397.94915719391065,805.8983143878213
49rw4z6s34zttv44zcsqz4sm,0.7148304841262234,0.4525892048036566,0.08780923334479931,0,277.3007338806806,564.6014677613612
6tt6lzmv639vl65rtzs5rqs9,15.072266518776736,0.006737946999085467,0.05473530637948505,0,319.3619475467048,648.7238950934096
6ltlt9sqqc6s4qv5hss9rs6t,11.75699867821412,0.006737946999085467,0.07223711106802005,0,477.6427088101223,965.2854176202446
hlrrs45rzmcm55vhc44hzzrt,17.323566600023472,0.8384700756525122,0.09424970515892983,0,386.23332470600775,782.4666494120155
45rq4z5wqh4vsl5cl6zqs45c,0.6899984562773291,0.4321991863659325,0.07844651609566605,0,368.9612255261156,747.9224510522312
rrrv3shttlht9zl9thlcz33w,19.459011836538625,0.4350283430905759,0.059594931361507356,0,464.22276505273504,938.4455301054701
4wrh4hmlzrc39vhhmzlqm4cc,8.933422204039358,0.006737946999085467,0.05367888646743795,0,369.5998172253767,749.1996344507534
46rlq5h96swtqcrqvls3w4r4,11.751736103624522,0.41630357325348755,0.07958624055532612,0,422.10363037867717,854.2072607573543
rvrslztlz3s5z5cz9w4ql4ll,0.8560751092491886,0.4268147090230461,0.08910129634853883,0,414.37625791370533,838.7525158274107
63t3l39355zhc4mvmvrmc6cz,7.795713927181571,0.517843716468767,0.06537371047920192,0,409.1281190301456,828.2562380602913
c6tz56twrt3hm6rvvtmwv93r,5.843665542395046,0.23061947368926283,0.060197829456909095,0,415.08533952117705,840.1706790423541
6ctr594zhh69v6czcrv4c949,0.6340700445531073,0.10675715764955854,0.03334958551597163,0,443.09181177059367,896.1836235411873
hwtm4zl36ctw34rll3zq6wr4,15.45127057831223,0.9998200390085573,0.06660187002155685,0,408.59271554888824,827.1854310977765
4tr94zw3stc6t3mrhwtqt4ll,15.931747135584974,0.3668412725398028,0.08763525133611133,0,422.1925633311761,854.3851266623521
zvtcrhwvttsmz4mhq354c6tt,15.185876049727899,0.7294743578102989,0.06729715951135518,0,369.8546647118618,749.7093294237236
rrrcsr6vtwvr653m5zstlqlr,16.863491907174424,0.8211647443334529,0.0805177341962743,0,429.1244318534568,868.2488637069137
4ttrlcqvrmrm449ttlzcs5t3,10.034873114884,0.006737946999085467,0.08027041337552947,0,491.5462571519702,993.0925143039404
qhrr6c354tmh4zzwrts93sch,13.723103860955973,0.6471470548217892,0.0880926361916311,0,469.18135560473615,948.3627112094723
4htv5t9ttz3vq4zc3swt5h6z,14.285652306734047,1.0112145095506377,0.07742331539575313,0,464.9349564584319,939.8699129168638
hsrmcth5t3r4559cz65smmr4,11.590448995134363,0.5186367785239696,0.10941719734887137,0,526.6692486093561,1063.3384972187123
56trt5cv6qqll6mtvzvr54zl,11.805675725273144,0.006737946999085467,0.05553495267751638,0,368.25759390355535,746.5151878071107
htthz63rctzvtqr5rctswhlq,9.982427851295608,0.10276345754140537,0.06322012913291239,0,421.9026525145153,853.8053050290306
h4rmlsmh4mr5lzz6954tmmhm,0.44510040978793697,0.13632279340847173,0.03620266913337808,0,408.1469720581756,826.2939441163512
z3tzzmcwttsvrqctrltzww4q,18.75002825217498,0.8047960870491289,0.06757470685613845,0,379.3108330126959,768.6216660253918
9stq3m4v36tq4hqrvhvchcmv,0.8984640864940732,0.09480792224994047,0.04536588198182197,0,329.38270971923384,668.7654194384677
4rr64vtmwt9wlw34ww9qr4h9,6.767649025381657,0.006737946999085467,0.06054689314326009,0,362.08932389300213,734.1786477860043
44rq43rwqcvr6359mwqqz4r3,3.8032811460572002,0.006737946999085467,0.06419824240421543,0,406.90685896916006,823.8137179383201
tmrr5ctq3cczmzhtqq33c5vr,12.232087335618655,0.006737946999085467,0.06358686428465324,0,381.08355354794884,772.1671070958977
qhtv94h59ms4369tv35cmc59,0.6399217748149163,0.5904557298972724,0.11016207030198227,0,318.52333929958075,647.0466785991615
w9th4svs9l3456mz9lhszc5q,16.53466486223723,1.0902935785700993,0.057191197932981705,0,405.732154382325,821.46430876465
lctvr6qsmsqtqhw454h996cq,15.292379796485044,0.678291493548487,0.07491893101780768,0,438.64012582393764,887.2802516478753
h5tcqw5lvvtcz69qvvr9mtzv,7.6263201399674845,0.10804284524249172,0.047631330916302186,0,460.01340883970744,930.0268176794149
4lr5qc9mhhm53vtq9m9wv4c6,17.93171912823533,0.2835198045900425,0.06811722552960037,0,430.0249930156503,870.0499860313006
3ct6l6vmsl9ttql55664mqz6,9.514843288268867,0.006737946999085467,0.05709091594625658,0,410.26325509897964,830.5265101979593
4wr34mvl3qr69l9zsl9qc4sz,17.042160919931042,1.1098135127746591,0.07925293361944066,0,451.90279899234747,913.8055979846949
4lrc4mhwvsrz9v44tl5qm44w,10.475931632522874,0.05162324785732098,0.05568212440434879,0,430.9416144978565,871.883228995713
4zrq4hrc993hsm6mwmcq343c,17.056066893002452,0.9033292684240866,0.07756630273480236,0,437.2004753082808,884.4009506165615
wttmzt5t6qvvw49lzcs66vhh,0.7897357034093211,0.5026473411715273,0.11210057273357216,0,401.7276698582365,813.455339716473
9ht3hv544lr5c4hzwt995h6r,0.9006868848460852,0.07001168031316787,0.04993461613619518,0,437.70811733453854,885.4162346690771
z6tmvhrml4qhqhlltt9zstzr,13.330173375699587,0.5928255388552304,0.07217376531856184,0,476.7344702102223,963.4689404204446
64r3zth56ltw6z5v5zc9lv5l,13.159933917569035,0.006737946999085467,0.06723911769827753,0,511.74087800106554,1033.481756002131
4rrhs49qvws535lrrl3h565v,1.1853306708824758,0.006737946999085467,0.05540976111601481,0,372.6921559287254,755.3843118574508
4wrw43ctv9zqz3hwl45q449c,7.157371939490332,0.006737946999085467,0.06847472064835497,0,395.0031274287073,800.0062548574145
4wrl4mvv5z3hhl4qzq6qh4qt,12.56469273675699,1.008265591869205,0.08651372688395793,0,446.26060717424383,902.5212143484877
4vrc4v9hl6qs6mc54mcql456,1.465980375406825,0.24620492268883432,0.07847007158317353,0,388.9509766440106,787.9019532880212
4rr94vtltshvzvz34t5qz49w,1.249285396770225,0.006737946999085467,0.06089652340366286,0,426.33128809307965,862.6625761861593
r5trh5hzsrr9449l6cm93rmz,6.223862381527129,0.24575391306995154,0.07573688510087863,0,463.7273599115824,937.4547198231649
s5ttcv9wwtzrs4ccrhrsc54l,12.503918135305149,0.006737946999085467,0.06087813791794403,0,399.6537957073595,809.307591414719
whtqqcwhl9tmmqq49m63svvh,15.277080238024595,0.5716986085839793,0.09862789400335012,0,480.4565927354765,970.913185470953
4vtcz5mslc6r64q3m6rz5s9m,12.388132622195378,0.4890611244199532,0.09161783280244634,0,443.9860237849613,897.9720475699226
tlt6r54m3cw4m6l9w9wwc6zq,11.507906975144232,0.029970141744989288,0.05845622565727199,0,384.9543754952453,779.9087509904906
4rr444hrw3lm9vw6t5hqr46v,0.9933765540651951,0.1207098846666583,0.07355265235303324,0,408.4465889124026,826.8931778248052
46r6qs9qtm3hrc5qh9ztw45s,5.8100441292982605,0.006737946999085467,0.07199230535448319,0,411.67999411727726,833.3599882345545
q5rw56966z6vszsr49wr63rr,5.332909729331946,0.012806349534669862,0.09428003937042065,0,502.78309312676265,1015.5661862535253
lhtrltttmll3c6zv6q6559r4,5.505463780978042,0.006737946999085467,0.0658362936511378,0,431.2091495685248,872.4182991370496
4qrq46wmcqhmlltcszvqh4cm,12.110955675726006,0.3375243951724699,0.07754633689727555,0,418.44874964003725,846.8974992800745
4wrr9z6l5lclw9mcz4tv5qm6,0.7040763367910803,0.4513075429806038,0.08517961676822863,0,328.15648386478495,666.3129677295699
6wr4t5rv94q4l5lqv94msmt6,0.5747086408421902,0.5761768494785995,0.10935341904464532,0,307.7033154003456,625.4066308006912
4vrw4t46s359qm4353rqh4lv,9.469325792904218,0.34809336879106856,0.08430170891319591,0,428.5145135662051,867.0290271324102
hqt5m44wlr44l6ss95cl5435,6.363436133967062,0.5278533746239773,0.08225975325863252,0,475.20387606326307,960.4077521265261
43r643srz35chvl6tzzqr4rw,15.800623386864515,0.3442957553562008,0.061567476379833216,0,385.1674676198168,780.3349352396336
4lrm4q3sr49chvcz5z5qc456,15.854394966805902,0.6069280478077783,0.0793353615335905,0,436.6727863597526,883.3455727195052
tstrhtcchtshv6qq3tlcc449,15.862474751768604,0.006737946999085467,0.0514166993322922,0,375.00229583453904,760.0045916690781
cqth33qz53vsl4qr49qqqw5h,17.542489850468264,0.6027828138809308,0.07694422199912482,0,424.0406432103463,858.0812864206925
36t63vqlh6mcl6zvlt5qmcr4,10.381084969542403,0.7723195686409761,0.06461296280786072,0,383.54195622369457,777.0839124473891
36trs4h6qqs4v6qw3954crll,14.707787784872169,0.006737946999085467,0.05670742744960265,0,357.5641447513852,725.1282895027704
qst4hvq93rcltqtv5933q4h6,14.419071274933687,0.5436818279336169,0.0698831920361991,0,417.14295034839313,844.2859006967863
4mr6qh9vzl53svz5wwztr4c9,3.2969328850557336,0.4902336115240059,0.10559216716359432,0,454.2407754991717,918.4815509983434
4vrm4shlh3rvsmzs5wzql4ww,6.507295854595727,0.18593600900254292,0.061558041309659306,0,410.25666195890847,830.5133239178169
wqt65t3t4qtstqcs9c6v36h6,7.280067314156131,0.5995479734529795,0.09158324839026327,0,454.1737710297237,918.3475420594474
44r94wl93qhs6mtzwrlqz4qr,1.2053663423510221,0.04278851471606446,0.07632856234387794,0,380.16055730255937,770.3211146051187
46rc44mw46w69l6935mq94ts,10.613794142134072,1.0178238865520846,0.04961767113496181,0,425.80753983377724,861.6150796675545
l3t6tszw94lv9qq3clhzz6l4,1.0143061181406614,0.3840935130242753,0.09249481470639118,0,369.9732544954401,749.9465089908801
cvts9mzsl6zwrq9399vrsh55,0.7776145430548692,0.15202999508112036,0.05496240986305774,0,391.9120130503707,793.8240261007414
9ztml9vh6s3h54tvw5tl44h5,16.407644784963082,0.4199806068499916,0.09011307968444447,0,500.55069059896255,1011.1013811979251
56tc6lwvw4r336zcv3tq3sh9,0.663593537346075,0.011417711474030784,0.04677029560252344,0,293.6435664131816,597.2871328263632
qrrv935hl3msm5sv9456s436,9.997005060406979,0.4366710254660365,0.06616377819655424,0,445.7351528421306,901.4703056842612
46rqqw4r69m3qcch3593v4vz,17.217533704672363,0.7998972431649701,0.07537862676526669,0,407.65867093113496,825.3173418622699
4qr5vs46wz6lqz4vmsl6wc3r,0.46687869886423283,0.16762682420118497,0.03423445412869839,0,286.76102246577796,583.5220449315559
httmrrr4srh4564z9qwc66ls,0.5705106098710511,0.06300167607551264,0.025584527706324443,0,455.99345945507275,921.9869189101455
hctzc96c4tc9rqs9cls39z34,12.083379756992239,0.45789607218334927,0.08023195437100192,0,409.2964011755891,828.5928023511782
4qtmrhqhmltt9q3llm56zczr,4.949208912172762,0.006737946999085467,0.05659907480809436,0,425.7154247415004,861.4308494830008
46rh44v4z4t93s35l5mq34wl,9.302875956074029,0.5022711500067165,0.11254825423694145,0,478.7709091935715,967.541818387143
h4tz45cv3qrhs6cwmcrh436m,1.220916098704547,0.0250627387669973,0.0540184040517042,0,429.58499354573604,869.1699870914721
4vrc4l9m3l35339tzzmqs4ss,8.43798118040769,0.6211270317833698,0.06733596916176884,0,429.1894321183002,868.3788642366004
sltl6smhmzsll6vh9svcctq9,7.33532769099709,0.006737946999085467,0.06921503977640697,0,413.51061798937417,837.0212359787483
rwt64mhvhmwlr494c6mwzqc9,13.371480522032403,0.6336997198266108,0.06380178321373606,0,404.2797010318969,818.5594020637938
lvtzl64w4vvw36sr94hs659v,0.7027651420807277,0.08009160760848241,0.036397061621960186,0,358.651336826052,727.302673652104
45r4w4w94slzz5qscc6v4wms,17.256480564412264,1.2775413659208605,0.08330201005296549,0,412.93613795697854,835.8722759139571
6ctqtqqrmt3rhqqm9mc49zq4,7.171320300823788,0.006737946999085467,0.06292792731658298,0,459.94137338478026,929.8827467695605
rmth3h3cwq64qql46h5qlwr5,16.02300268845641,0.39811601285675163,0.0692604911138853,0,442.445825202382,894.891650404764
4rrr4q9clwthl5969htlzqms,1.367486273080528,0.006737946999085467,0.05986719798965238,0,409.3888044617787,828.7776089235574
s9tt3m63mszsw496ssqq6sq3,16.914527505698246,0.6988071675541139,0.07441076709958033,0,414.77745281306784,839.5549056261357
46rqqq6c69tl3vzstmvrm4cq,0.8233419788306922,0.5409697323357426,0.10139719247605614,0,339.94535994253374,689.8907198850675
6wtzqclm36smz6lcqms66qcs,14.31310569379162,0.9282403680950224,0.05674006700064729,0,380.0033360056609,770.0066720113218
45r5z9s435chz56htqvrvwr6,1.2338175045493416,0.006737946999085467,0.03944199431597678,0,403.74485989582627,817.4897197916525
w9tthtzt39tcm6rq39trzscl,2.194286003225901,0.10064820107980502,0.06939821233222329,0,420.52148724892453,851.0429744978491
4vrzm33zs54cv5r4mz3z9h5l,0.6846247113135484,0.5891484858143041,0.09545702420062573,0,385.82914627025264,781.6582925405053
tvr9vv59rqsss593hlt6mtcv,1.4354391985379038,0.12006028065103774,0.06665951341909672,0,469.39152202309134,948.7830440461827
3tt6693m6hhsqhlmww6v3hrm,0.7169196389118572,0.07581934596600408,0.04040594526078878,0,287.8001287714172,585.6002575428344
46r543cs5tl56v6qmc5qr434,3.1488914762824836,0.3007422637381751,0.07579465984568774,0,383.13371959383517,776.2674391876703
9st9mhlrsv4z4qqr3lzrh45r,12.020553777920618,0.20833623940803092,0.09298429150663721,0,435.81004221324946,881.6200844264989
wztw59rm9sltv6h4rmsmht66,4.020290244184368,0.006737946999085467,0.09170283427488718,0,423.80675423708465,857.6135084741693
cst9v559hmrc4h4trhrmq6s6,0.7177442296795838,0.38019813974081773,0.08824949031095121,0,413.253687700063,836.507375400126
tqtv94mv9cz5s6zzrtv4qhcl,0.8683184939708652,0.050469325499204895,0.021105898774913937,0,384.7099662939422,779.4199325878844
4hrv49q3vwwsmvwrv4wqs46c,0.7796167350443539,0.5288069798082697,0.11606926294069875,0,422.0888037120179,854.1776074240358
44r54zts4z5wswl6s34qs4q5,7.437138188259334,0.006737946999085467,0.05007846828519979,0,412.24935394193494,834.4987078838699
szrv6st6zrvcc543lm349ltq,12.984084061068753,0.006737946999085467,0.06820203909101463,0,386.548949737676,783.097899475352
49rl436zc5vv9msh3c4q34wh,8.253198464815103,0.3383958694520023,0.08256476005220229,0,420.3860525954334,850.7721051908668
4srs4msch5lmll463rlqh4cs,11.690233031552271,1.0453933014468568,0.07488345454490367,0,450.82284182224896,911.6456836444979
4qrh4wh9vchvmv4qrmwq449q,0.6405913386362916,0.4586044432110409,0.09089517384931964,0,413.1055848480553,836.2111696961106
4mrw4h9sv4zwllwws9mq64st,1.4247907139124352,0.13497639746887333,0.06438186744677468,0,415.3271000032035,840.654200006407
43rq4lm4m54zwlrcz3wqt43t,9.66036467410992,0.5513405245071487,0.06676811100202162,0,445.9436648119523,901.8873296239046
55tm4vwc6hwchq5czzcc5c4m,3.746082322476376,0.3189561154328989,0.08166451966755472,0,455.999557048064,921.999114096128
99t39rhwq4rm569995hrq6sw,6.270365966534048,0.07160638218463111,0.048271744408232606,0,378.36956781897743,766.7391356379549
zst4wwtmm69rc4l5thww6vrh,0.678688409203145,0.4930491989516372,0.09661338267729637,0,392.8882084614677,795.7764169229354
qcr4qhhmz5m5r5vhrwssss4w,14.34346039363636,0.8285590831796543,0.082671267305291,0,578.6505578269265,1167.301115653853
zctt4r36mszzrq93954sr996,13.002843950471156,0.006737946999085467,0.06340761873948586,0,369.8397246471951,749.6794492943902
6srshhztvtms55wlhz6rssqm,0.8453126173062251,0.3735529816486194,0.07412915007914586,0,377.76040161140094,765.5208032228019
4wrvq9t6shcc5rt5rsz664hv,1.3437002736090016,0.006737946999085467,0.06266216677834638,0,401.5547897200514,813.1095794401028
4qtvr9ht35659q9t9m6wl4cz,9.041775112902016,0.715589805513591,0.11840035955940095,0,499.3332292887957,1008.6664585775914
4hr3qwwmmrwwzvczs4v3l4ms,17.19032845022506,0.6726517622279806,0.07961621581271079,0,450.47056186944457,910.9411237388891
rct36q9m5clsz44ql6zmtw4w,8.716887453916135,0.9037567747117858,0.08291377406816494,0,348.24529816671617,706.4905963334323
4wr64rqc6mcmcvh6wl6qz4ms,10.679025108892382,0.03253238774190177,0.05628344576038195,0,378.6142341507073,767.2284683014146
rwt33hv34l3tz6rzvmcv9w9v,13.934003388856839,1.454139864554901,0.054319245268517335,0,432.1757351784569,874.3514703569138
w5th5h9wsmmlz6h4mmhqql93,1.7086564913628792,0.006737946999085467,0.06431831685974213,0,421.8282476771483,853.6564953542966
4qrr4zhs4qs6l5s4mmwv44qw,5.98545771973393,0.0067379469990854705,0.0634014630323635,0,448.32997056332334,906.6599411266467
43rwqz6crv9zlvz366qw34qt,1.2821911151382381,0.3595622672408461,0.07632973535004065,0,424.57147251152503,859.1429450230501
4vt5s9h9q9sqrql3srh9tcmw,15.074720047887585,0.5130737262692773,0.14645656601468343,0,555.4625051456222,1120.9250102912445
c9tc49tc95mm3646vwvshv3l,2.526309593943578,0.23640137410826423,0.05737887911999267,0,354.36304176209705,718.7260835241941
mttsstqm5m6t54tzq4htmt65,13.670720279728211,0.7013778932156454,0.10058229578209638,0,479.2699458066325,968.539891613265
4mrt469whrltrlvr9m6qc4lt,15.67281174733407,0.3389338721419415,0.08521605526449341,0,440.2049651994448,890.4099303988896
46rz4vr6rw9wmlz34vtqr4w4,11.58360113965362,0.02635253093045883,0.06834784263910809,0,398.0769469750334,806.1538939500668
sqrl4hv59hz665wmrtcccwcq,0.7835693965564205,0.38226451145856144,0.08074340018870432,0,406.73962661077616,823.4792532215523
44rcq3szcshmqw56rqlqs444,14.641542871387136,0.8180968253379959,0.07591717299566694,0,438.10318162693267,886.2063632538653
4cr949tvwhtrtv3v53hqt4mc,9.572500558886077,0.5992232984753629,0.0774019149600201,0,394.5319686158311,799.0639372316622
4trllt3w4w65hzq4554zltsq,0.6879996003925604,0.6488798329909855,0.1415153707692141,0,387.9397694434612,785.8795388869224
6crh5lml454vrzwct46tct6l,15.825805188632398,0.006737946999085467,0.043617406139179055,0,476.62785111146206,963.2557022229241
4rtvmzwccrm64h5t4r3354l5,16.293919549400222,0.9330970662096868,0.0880578453975833,0,471.41043999074424,952.8208799814885
4trzq6wqvzzqrt5qvvl6h43v,16.276174618304047,1.3534559586773978,0.055902138090707806,0,452.27688085784865,914.5537617156973
wcrsm9qtm3c6hz55t343vt6w,15.115205153182693,0.6145284307508573,0.07531218602787554,0,423.72577758766255,857.4515551753251
zvthqz334693v6thmr65czrw,0.8040495700855158,0.344380544792213,0.07804382436992897,0,424.9438223530118,859.8876447060236
cltmwwcm43tm54h4495mhmqw,0.5932618475509115,0.09903500217782601,0.0317398402828991,0,330.36946351101324,670.7389270220265
wvr5tq34zt9qvc39s3hrqlcz,7.764941279782751,0.006737946999085467,0.05091295388167505,0,311.20559840386625,632.4111968077325
qqrlsh4l445mczw549wtstqv,9.690216898511926,0.006737946999085467,0.07341895193946857,0,473.9664290881366,957.9328581762732
4sr9qclzc5lqmvcv49zwr4qt,16.553657973780297,0.9365417373744752,0.05727316764648707,0,395.5039859084133,801.0079718168266
hstr4h96wlwsrqlvwh6z4s69,1.3444772072243594,0.006737946999085467,0.04223653793032493,0,470.4238616927914,950.8477233855828
vctlrvr63rq9564sh6vwzhlc,13.007924578835297,0.7244784138096959,0.07870560678566912,0,494.0152024522455,998.030404904491
qvrvsrt63zc3hzhmq56mtrvs,9.654876652017872,0.5206640054122023,0.1008562131775608,0,431.921162632259,873.842325264518
95twhlwrmqc556s3rt9mztll,0.6174817082242685,0.07989057591760165,0.025880441553583856,0,327.0885041930949,664.1770083861898
m9tqhhrw6crs56t5s3vv3lh4,13.478873291690785,0.006737946999085467,0.07913291314160815,0,414.6969992091927,839.3939984183854
44rt4l33lq5vqvwrvshq94qw,15.058440022611748,0.5299037133987756,0.057154001513816034,0,385.4237534181082,780.8475068362164
4zrw45wzhhczs3rwq33qm4q4,15.475244776901718,1.0036087910116325,0.062091705990115174,0,382.8005765835914,775.6011531671828
wht34zl96w3rrqtvlwll5rlw,0.747020680390974,0.12868532251104636,0.04617274786595156,0,343.3433728744878,696.6867457489756
w3rzhmz5wqlszcz4v3564z4q,1.2203481361480084,0.006737946999085467,0.06361335090550024,0,416.15811679512206,842.3162335902441
cqttclqrl6vmw6qzqs5c6cwt,4.479023940887784,0.022768985358302546,0.06923505548143066,0,394.91375751224496,799.8275150244899
4vt44wrhsl5c94r9c46m44w6,15.566238811670118,0.9109979092092662,0.0739542885240245,0,401.0779475104194,812.1558950208388
59tt6cv6cws956v35v4999c9,6.9247901629382875,0.16212305684336542,0.08561635302554518,0,441.72197077884596,893.4439415576919
4wrq4swtrvz3tvwhlh6q94vz,11.650343490445383,0.5007851676092532,0.0887572150701009,0,459.44550395154806,928.8910079030961
44rz43qtqczwc5t6q53mh4t6,5.459516176715323,0.006737946999085467,0.07606323890349356,0,441.8959050609268,893.7918101218536
45r64ssm4hc43mcsh94qh4zt,13.169083139212699,0.6393192492221966,0.07034286728133385,0,460.6830656109622,931.3661312219244
4lrqqlzvm6crwv64ls9t54h9,0.5504321833988164,0.5649507589163936,0.11062770475307902,0,342.24693974116775,694.4938794823355
9ttqrrtwhr554446qrrvrthr,12.215630565010088,0.8438191990182634,0.08597178035855332,0,454.07499813751895,918.1499962750379
3htqttqw6vh9hqw6m6vhcqr9,15.90698595600744,0.16650391040651005,0.07669087043059888,0,463.9335496447315,937.867099289463
9mth6hcmms554h4lmwh66chh,1.035704387208009,0.10302665149822737,0.05586315722463968,0,434.0218334269124,878.0436668538248
l9thrv6t9vzzr49cmqh5msmq,0.5726076458381502,0.36881457876641277,0.07017928200523513,0,386.9694141729515,783.938828345903
36rl5t5h5l3s659t6s9wth33,1.4483453378471869,0.006737946999085467,0.062411471805488915,0,419.9950411330323,849.9900822660646
9vrzllwvl5w9r53h69zlsvss,14.271538036097244,0.12331943430234915,0.07075426622978434,0,422.7298176068138,855.4596352136276
4trl9s4rrhzcz56vvzt6tqw6,6.278875673929787,0.43744119380456387,0.10397258899460753,0,448.2434805850378,906.4869611700756
4zrvqqv3h49rwcmrmc43t4qs,10.018708186142938,0.418113895422337,0.06511099636579576,0,424.70798497101003,859.4159699420201
4qrqqtzwmv65qc54lhs3z4lr,1.4454727720259588,0.027857963534818956,0.046480265907185486,0,345.9522592808483,701.9045185616966
4cr3455hhm4ht3rlm9zq443w,13.214779631119036,0.006737946999085467,0.07320140254801401,0,420.83687604740095,851.6737520948019
4hrc4hctz949v34w5lsqr4h3,21.593374268010233,0.006737946999085467,0.07146627147699447,0,449.82383977991543,909.6476795598309
zttvzwzs93rs56qqtq4hzsh6,15.920356886546092,0.5874472355615097,0.07414421518247857,0,433.21533443278435,876.4306688655687
vvtlls4qh35556v5zmq4vmcc,0.5249027739392551,0.8819767290839654,0.16747959877482754,0,381.21903431017427,772.4380686203485
h5rsvsrhs9hr3zhtwvv6vqsl,14.017578831596088,1.3552211517026296,0.06131850468667139,0,444.73302763615527,899.4660552723105
4srs44ctq34cs3m4435qv4wv,0.4928949650189567,0.23093990879924708,0.04909215694386958,0,339.79500568851864,689.5900113770373
zzt9lqcqzr93rqct9qccw9w4,0.6161956818865651,0.5789413283891505,0.11081748870736227,0,272.72636985168083,555.4527397033617
vwtl3t34t3mth6ct99h559mm,15.434783198427233,0.9551337295827518,0.06858067624250941,0,404.67125090198795,819.3425018039759
49r64w5r69rlhvc5l3wq346l,0.9179412828323741,0.006737946999085467,0.0514270033138106,0,457.65824000818947,925.3164800163789
c6t9r4lz3w364q4ccsr9rwsm,15.864208674324972,0.006737946999085467,0.05647882213543812,0,383.20554652114663,776.4110930422933
43rcqmml6rvslcrz5h6st4tr,8.865518722377868,0.006737946999085467,0.07136049466543928,0,461.9746030403978,933.9492060807956
46rs4sh6svlrrmm44z9q649w,12.373775153171273,0.544874913224404,0.06707632803461505,0,417.5942785764501,845.1885571529002
4vrv44tq3q6c636lhcqq44vw,1.4118682761790922,0.03459346164899512,0.059548059699373004,0,419.7447103439746,849.4894206879492
4qrh4lz5lmslztsmqsztm4vt,13.233623496919224,0.6156588148087105,0.08193865852283945,0,359.1700374329482,728.3400748658964
4rrt4zzm35l9qmqcmc3qs4qh,8.888429402691777,0.3085728296194558,0.07148558249608469,0,447.6438290710047,905.2876581420094
9ltt65m9ttc3h64t496lcclm,13.33314041795041,0.32133668459322046,0.06806155740889866,0,378.3170277081751,766.6340554163502
4lrt4zl5w9s56zswl6ssc469,15.705102898455479,0.7244933879939931,0.06431291085294255,0,416.2459548041497,842.4919096082994
46r94qqszcz3ssr5s4tqc4c6,16.551580709297163,0.8540677216443132,0.060953619609147296,0,418.3306636053771,846.6613272107542
q6rrscscmhsz55wlwl3wzs6w,12.19722276421112,0.006737946999085467,0.05857055929896428,0,360.2060214821464,730.4120429642928
45rhq5zv3s4qschs6vh3r4mh,11.657601938047856,0.006737946999085467,0.09741815058050587,0,457.1416992970961,924.2833985941922
94r3mqlswqq5zzc5qm3w4z5m,8.241516041406552,0.006737946999085467,0.05272453420011563,0,418.2054827604764,846.4109655209528
vqtr33tzh9swz4zzqszm6zwh,11.688209661199345,0.5739368271093588,0.08856713212217701,0,439.0299376756941,888.0598753513882
qcrcz3qvztrv3zstsr5czw43,8.712097401868668,0.006737946999085467,0.07144480548302706,0,444.4055946667496,898.8111893334992
4cr44qvs43twrv4lh4mqz44m,2.2442178689711545,0.08931408764789218,0.08094210846033129,0,402.08086519356414,814.1617303871283
vwtssqtrwqwlc6m9tvq356vw,13.49422573984214,0.006737946999085467,0.06991335763139471,0,478.7719396876703,967.5438793753406
5ltmc5qz965m56z3h656v3wq,0.7138479479531268,0.5179069382412957,0.10386497503574299,0,345.79821043723325,701.5964208744665
6trvccqwq45cr5l4t65lltq3,11.295033839699544,0.006737946999085467,0.060275707112245974,0,377.1499795147254,764.2999590294507
3zttqhtlrcq636mqw4cm3tm5,14.479456026078037,0.6620644519608283,0.07592379968124544,0,402.8313483300665,815.662696660133
4lrcqms5vsq9hcsqwrlwv4sr,1.1040561437596443,0.08450771210919959,0.06166310116136868,0,382.49877871940726,774.9975574388145
4rrhhchw4ll34zm5mz3tq53w,13.311122779870162,0.8524349810423006,0.08661520892147004,0,439.61040381642607,889.2208076328521
l9t6ssh9lww554s3cw5rrh3q,8.309103496778434,0.006737946999085467,0.06503453531506241,0,400.13649268113994,810.2729853622799
6st5tr5qqw596q4c6v5ztsmh,10.790765940853012,0.1536948460446598,0.06575794675998178,0,364.9585428558746,739.9170857117492
4hr34qm356w563wlh4vqz4h4,8.329706909474352,0.8910710350856802,0.06316897875330478,0,370.8376169708616,751.6752339417231
3qtvmt6tch9rrqvlrhslt5v9,20.21990691251963,0.8503603524324117,0.07292489307939024,0,439.3539316092187,888.7078632184374
4qr54wtr495r9cqmhm4qs44r,11.503564980075506,0.1221969379800398,0.06502786614332975,0,466.10586567120197,942.2117313424039
96t9cs49v59z36qrmmhq3lz9,1.2692697752591258,0.006737946999085467,0.05173448391659072,0,376.00400943905265,762.0080188781053
vvtqrhzmqrv35665sm5lc44z,0.6047760686485821,0.10573221816700196,0.041982218653593126,0,341.0626639323018,692.1253278646036
qwr9999slq63tzqzztmzzhwz,17.585029375370127,0.5156297233485029,0.07610844260286403,0,475.43945952578906,960.8789190515781
vvth36wmw4rv346hh4lwrs35,12.452333364277091,0.5399318385702446,0.07919491520894091,0,446.18308407007777,902.3661681401555
44rl4chzc4h9z5tv9m5m54lt,6.046752501823221,0.5177642580888393,0.0721277432305745,0,360.9855446117091,731.9710892234182
4lrv49cq333rmlqvhcwqv4wv,8.942068778132187,0.006737946999085467,0.06279486956598285,0,448.35930509411116,906.7186101882223
4lrm4mqv5czl6wz3hm6cl453,0.6299462859689198,0.1399498381625292,0.05880423183093257,0,324.01534751226865,658.0306950245373
46rmw64l6c5cwzh3htmqhw6m,9.978485270703517,0.006737946999085467,0.07396402134957428,0,445.52878039127484,901.0575607825497
w3tq4qsll9h4v65m55hcv6mz,13.755132435550745,0.562484310104811,0.08572368374572958,0,500.8858377464554,1011.7716754929108
4lr34mw936t9wwcqvh4qs45r,15.862759698849814,0.4862362335667058,0.08963365502722179,0,475.25096704314683,960.5019340862937
9rt9lmh6csv6364m4mrhzhtr,0.7216777822881661,0.5813306063363264,0.10548749451733672,0,344.8788945320325,699.757789064065
tstqlt66mtv536mvcszslmsl,19.19529293454367,1.316620550647793,0.06518299610467745,0,437.00304483427647,884.0060896685529
rhtwhq6lv5r6c666hq5v4wql,0.7552777229613914,0.5230062977297798,0.09539926365769971,0,354.1087573333204,718.2175146666408
4wr44mq5hzc44z66ws93zwws,14.37411666545701,0.4809438012234412,0.08760131801590426,0,425.1302085529775,860.260417105955
4rrzml4s4ch4s5wt55r5m5h5,12.410584428250857,0.6006666802438763,0.08131173160459013,0,398.0469613874142,806.0939227748285
s5tzw343vltwrqm33953m639,10.061374985712131,0.6427265843726143,0.08689930199341746,0,457.51216239372224,925.0243247874445
rmrzsw3v5693654c56lcqw5m,14.429142565898015,0.006737946999085467,0.059407066094071315,0,377.1426559792375,764.285311958475
6ht6sw4wzsqw6q3t45lcc54w,7.126652273329076,0.6472682608385416,0.05711323168718939,0,342.9702835207038,695.9405670414076
w5tr6c53h9llc4mlqv3tvcsq,0.5504511765371711,0.14249546078525765,0.04230827223752312,0,354.40631587329034,718.8126317465807
43rz45hqtqtvrvclrcmqr445,0.6206480669332882,0.16931072488072452,0.04720706166864641,0,373.1866272343469,756.3732544686937
4lrw446sv3cvt3lw5cmqc453,7.773225267613302,0.0326702864868882,0.07597535877515488,0,464.2000111166005,938.400022233201
4vrt4vwscrw99vw9tq6qq4q3,16.251343482992787,0.5509444518533066,0.07623187954208796,0,414.0640190739258,838.1280381478516
3htl5zrvt39mz6q53c4vlqtw,6.164733380192736,0.13711323168102701,0.09545623738594362,0,432.84817818416707,875.6963563683341
mcttz4c43rv3c6qlhtt39qrt,9.702908589491539,0.814213649918917,0.06095318273190476,0,374.0849934417212,758.1699868834424
44rl4qwvqtzttlz55qtql4mr,14.755492914461271,0.8731745366101085,0.08377405233609461,0,500.20153999311015,1010.4030799862203
96rqlzrt3qt655655vqthq46,6.618311419443382,0.3090384492080907,0.09030830101523471,0,414.01198440661454,838.0239688132291
3qt6t9wqt4rrc493wwthcvhq,13.056685607515346,0.39020547400915373,0.06930632464194869,0,413.33067904467924,836.6613580893585
4wrr4th9ttcmllmhhlmq546l,9.289654308240792,0.6674432047123282,0.07673907687759046,0,448.0127084444752,906.0254168889504
qtr9v33qs5ct95r6ctc4thcm,7.593265584277907,0.006737946999085467,0.07704970563205535,0,382.6046264755345,775.209252951069
4hrh4cmr39h3l3q5qlqqr46t,12.626114072787395,0.006737946999085467,0.06173692145697608,0,413.8282218314595,837.656443662919
hzrrmr5wvqtzh55cl3swl43m,14.379471769058437,0.006737946999085467,0.06659825425922422,0,410.36666958505106,830.7333391701021
slt59lrmm964h46mcmsw9t9z,2.120639012453074,0.006737946999085467,0.0554620516655719,0,436.9295068675492,883.8590137350984
4mtzrqsqm5c6r4rcw9lsq554,9.575787398785101,0.6803420071514146,0.06650605402620012,0,386.3783831677656,782.7567663355312
zhtl6zqhhtvs3654tc3s4c5q,1.5561535856650057,0.006737946999085467,0.029011561056068332,0,326.449549589729,662.899099179458
slttzrc5sr44m6tstm49wtmq,1.363664706859142,0.006737946999085467,0.048902111279676905,0,444.6501367287018,899.3002734574036
q4r3zzt699vs4zv99ls3wsm3,6.705956402252632,0.31714857238757077,0.09050607273343986,0,409.8071840732497,829.6143681464994
44r94955zh3wvmhs95lq34vv,7.722784466324935,0.006737946999085467,0.05317866720723417,0,322.6893192364879,655.3786384729758
q4rv6q45qs9cmcrq6mqw54zz,14.44988618264976,0.784725748265537,0.06993554668135804,0,457.3420862412606,924.6841724825211
49r5qzlq695ssvhzz639l4zl,12.272153708239376,0.5467494197424569,0.11072725311248854,0,476.09310679316627,962.1862135863325
3wrqt6rw6mc3zc5tcct4vrqz,13.02561131533227,0.006737946999085467,0.07232553872969388,0,437.86378477594667,885.7275695518933
q9r6zt9q4mvhs5tqlcstwqtc,14.940281056104185,0.8967119964050294,0.07492515740515415,0,450.65542942487787,911.3108588497557
q3rwz4tmz6ttrzrz534zql5q,1.276304269782464,0.006737946999085467,0.06671974363668645,0,437.8692626903985,885.738525380797
43rm4vqvcrzl5mcq9rzqc4vq,0.659287438700694,0.4587093349566058,0.09498362906834351,0,332.69185229947635,675.3837045989527
44rq436t66ws6c9hrm4q644r,0.9628844667467995,0.35738655258538216,0.07499987240732604,0,398.42242386447776,806.8448477289555
q9rm9w3lstlrw5lr6654zsvs,13.685030035526443,0.7117677447226758,0.1163199679249533,0,499.69057373558877,1009.3811474711775
65trh56cm6c436tlsqzl369v,2.794354755997799,0.006737946999085467,0.07146650064379001,0,448.16249097944035,906.3249819588807
hqt5654tq5lls6tslr3qlmhz,0.804531624567983,0.006737946999085467,0.045807858063343754,0,296.9001763925224,603.8003527850448
wvtcc56zmwwsm65636r665s3,1.1077374957686135,0.006737946999085467,0.04872587123600518,0,315.71776070287234,641.4355214057447
9rtvc56ssclstqsvvcs6r93s,0.8546262683895202,0.3391601801073343,0.09395341311679467,0,442.6722907016475,895.344581403295
3rt4slzss5z9s6qrh563s9t9,15.509164443485643,0.006737946999085467,0.04640950348734984,0,314.0992978960245,638.198595792049
lmtm9h4qhrqm64czwl53s9zq,1.5933957887759653,0.006737946999085467,0.04344831124886003,0,400.01386790843935,810.0277358168787
4zrz4vcsqc4l93rrh3cqc4vc,0.7013581844210717,0.5312592716228746,0.0935240509151502,0,327.78606345143396,665.5721269028679
4srw44zh3vsv3mlvlcvqt463,15.403542536616063,0.3196801422223502,0.07620784812841352,0,417.2715091186293,844.5430182372586
9zrlcrs9mzqc6z9tstv35l4t,13.410720582342936,0.8261841425084575,0.07368881820198514,0,451.72441841744677,913.4488368348935
6trrl4tcrq3lc5r3qz55cqvr,12.157155185888715,0.9198367186636347,0.06494599341369875,0,386.5935990669187,783.1871981338375
4rrl4lqvqt3lmzrm3rvlm433,10.968946512664482,0.4622235699920306,0.07565234287868088,0,432.1428411244843,874.2856822489686
llttlcwvlwt3rqvlt9hlqwz3,4.691648154959381,0.006737946999085467,0.0708534446547755,0,425.01471079186337,860.0294215837267
4crh4c6l3st5l36ls95qv4m5,10.910580847457307,0.42387517681219916,0.08504504697545585,0,448.6895220665116,907.3790441330232
4zr6qlwm4shzmvq646qw4465,9.169070685097102,0.7521232384348275,0.0871234618161994,0,453.6299761002972,917.2599522005944
lhtl6whv3mmvtqws6zwvvwv6,12.468777745948,0.6416759266511695,0.0574252355357604,0,399.1883997836394,808.3767995672788
93tqssmr34wvz44m9c9vz964,11.312664345294579,0.006737946999085467,0.07888937891801373,0,458.07970490069374,926.1594098013875
zqthl6zw9rqtv6qhvvwc3zwr,0.44986879042519967,0.3630651910298378,0.07364206934364428,0,287.5367339069701,585.0734678139402
thrqhz49mlml39mczc356zt5,14.618399247051833,0.050943415018083985,0.07146175498877572,0,399.7782730610122,809.5565461220244
cqtchr9rwc6ms6qm6cm5zscq,1.4006998409516584,0.006737946999085467,0.07290922732092775,0,483.92403128537217,977.8480625707443
69r44l5qwqhszz9rvlwmmhqz,15.922942605182715,0.006737946999085467,0.06543243703430644,0,448.35426230489776,906.7085246097955
r5tmvlqq5swthqc33v4rht9v,5.582229350100199,0.006737946999085467,0.0734108314355226,0,392.3785440457084,794.7570880914168
q5tr4rszq6ww6hz9rhz4rv54,0.5704329179302501,0.14571403912653985,0.037648574175510825,0,501.00695771517076,1012.0139154303415
4trcqqs9rw633vmwlzt6w4tv,0.5503341180799908,0.33240482569059737,0.07375888886776852,0,376.02893061690725,762.0578612338145
tqrszmtrqqc6vcz9slclt9cc,8.934751076247814,0.006737946999085467,0.0795738694041852,0,442.07186484807636,894.1437296961527
4wrrqltv3qc63cr36ss9t44v,1.23989976499791,0.006737946999085467,0.07021228767265453,0,462.9310991432166,935.8621982864332
4lrv4zz99vmz5t9lzv33l4qq,13.440530261807108,0.769015257620673,0.08808562807744325,0,475.265803775631,960.531607551262
9ctscqv3qcz636495cqr3lhr,24.52409118774935,1.5602060024012099,0.05396263738964767,0,348.0344121366569,706.0688242733138
4zrl4thcltsrvwmv465qr4sv,16.10666491636163,0.6578059271509606,0.08370965349522369,0,427.87122963234316,865.7424592646863
z9tz6q9s9t963696lhh3rlvs,1.9883153767544488,0.006737946999085467,0.07461539036375725,0,401.7520920440198,813.5041840880396
5rtw4zwvs4vzm6hwhz999m5w,22.324738955844968,0.5476691088211704,0.08757147543655097,0,503.3109019425378,1016.6218038850756
4trhwl9w9clwhzl435tqcrhw,17.027945793192927,1.0569363612610918,0.05655657929920317,0,375.8801902187258,761.7603804374515
hzrwqszw3s3z9z4h4h6tcqr9,12.476291213468581,0.28458076258586185,0.044855689239612986,0,437.03649060214303,884.0729812042861
6crw4c4rllt6q54rvllwrrrr,14.550840278141228,0.5029019292330319,0.08232773702536737,0,508.53175418814715,1027.0635083762943
4srtlqs6wv49tzrmqhvw5wr9,11.2438378920597,0.3770855291314553,0.08665644738936039,0,437.74712570499895,885.4942514099979
49tlmvwsm59sqhrwlwcq6s9v,19.327997844713433,0.006737946999085467,0.08094095003958324,0,374.9564326070194,759.9128652140388
5lt4cmz4cl59qhr99w49l63z,0.7779924094256019,0.4234604050486767,0.08782232310318655,0,336.2494212756245,682.498842551249
96rh6lv4h464rz9t469mzs63,11.145543927229337,0.006737946999085467,0.08216677393125056,0,484.7716590344388,979.5433180688776
wctl53r5cmt5m4rzrhq3vv35,15.785998755533655,0.9433235574506915,0.08285122770388567,0,417.33221167628056,844.6644233525611
hhrhtlwvm4qm95mzcllctlv3,14.379303400991546,0.07465575141948913,0.06300266286749204,0,367.0841245503065,744.168249100613
4st44554l335v4tqtzllrsrw,8.268459671953725,0.9760904213007141,0.103564269614291,0,488.469077215182,986.938154430364
6qt4rqztthctc6qtqs6zhrmc,1.5849915439336955,0.006737946999085467,0.06978493807015285,0,457.831644382164,925.663288764328
4rr5qw4tvmmt3cqww3ltm4lq,13.984910364809744,0.006737946999085467,0.055451051875769646,0,398.4305911298797,806.8611822597594
49r54tmhl5wwqm6w654qh4zr,0.7021967638766398,0.36934756119046114,0.08693219153164679,0,405.1141022604838,820.2282045209676
qmrq63c5qwq5z53l5hm9rtv9,19.735881865571216,0.064007117154187,0.05220356218304363,0,405.06975712362004,820.1395142472401
qvttzvs5l9vqc4369q656mht,11.044925282414397,0.8732931225107952,0.06860419993089976,0,416.8266466562486,843.6532933124972
z9t34chll44cv6lcvsl43wwt,14.683773791279632,0.9085180555842227,0.05951045336587185,0,474.5179652674478,959.0359305348956
9htm6tmc9mzrhqs9vqv669t6,1.335946899271657,0.006737946999085467,0.04478044160362323,0,391.4826356636919,792.9652713273838
tct4rmwvl6v4z6th3cqrm9c6,0.7652927877750412,0.41323957469466976,0.08254310679607146,0,379.42148252871937,768.8429650574387
6rrzwssvrrvt55sv9m5tr35z,0.4915097652684819,0.15918209926088187,0.03453897900600911,0,309.47130485891114,628.9426097178223
w5tww6t3chm9rqhlhql5l4z3,0.7918577194377125,0.5894216078884497,0.13234308997825067,0,411.8691922410779,833.7383844821558
6ztv6wwvq9wlm65hz69vcr3w,9.97677589651127,0.16305859834675707,0.07236124614754563,0,414.2144449398931,838.4288898797862
99tzcwct5chlrqllsswr36v6,10.263841632120737,0.4000413056436788,0.10510987161727142,0,481.1808200723661,972.3616401447322
4vrc439hh9s3cs9zmhtqz43q,14.969198377298094,0.7154863790112821,0.06785770011836154,0,413.1079445010565,836.215889002113
zlt66v9mlw9r34lq4rsl6wqh,13.247457788294263,1.25313067236454,0.07919810843034585,0,445.5117397634967,901.0234795269934
6ztvwcmcqm6lv4q9ll995mvz,14.939323095574263,0.208355392452707,0.05091158367934662,0,355.0612074217126,720.1224148434252
4crr456vhqztzmsqqcmqs49s,13.519354973377876,0.5450886583582548,0.07086228149781172,0,451.22203860568686,912.4440772113737
4hr6qwvshrqw3cczv6twc4t9,15.829717757210556,1.1486529589174395,0.07918768035528628,0,452.29770651138523,914.5954130227705
4vrsqrv5zcss3v4lwh3tc4tl,9.115905061905604,0.7821388140978766,0.08399072572324301,0,466.3846470002035,942.769294000407
vltsvcstr4vlv69c35lrhrsz,12.457573764652999,0.35757401740005,0.07055007335578464,0,486.5989786747357,983.1979573494714
4lr34ls3h4m3s3m535cq9443,14.637156802389974,0.7188819163923063,0.07841498662738125,0,464.8847574005934,939.7695148011868
t3tch3svmvz69qs9lrs6tr4h,14.256348947799456,0.006737946999085467,0.08408361472480595,0,389.46580979404024,788.9316195880805
4hrh4cwtr96333q5qtsqc4ct,10.388205790426781,0.5597658903877922,0.07050380936271497,0,421.990473093319,853.980946186638
45rv4h494tm56lw9ll6q54tc,12.352567728919208,0.3532104260273896,0.06717948593747616,0,423.2686807125987,856.5373614251974
4tr443sw6qv633c59czqv44q,13.080527586710403,0.7012483060376711,0.08612247933138137,0,443.7539365138358,897.5078730276716
qwt4q5mcrc3qw6zhh5tt49mv,14.751487475747304,0.006737946999085467,0.06497472054458993,0,469.70859508493714,949.4171901698743
q6rwrv6r6rtrz5r5tc4sht3z,2.078448849351062,0.006737946999085467,0.057303344509643826,0,446.3278217434327,902.6556434868654
43t3t65mmvhsh4w6whmw3l9h,8.426743352169877,0.046895709352901535,0.05100347657904133,0,453.76790266830113,917.5358053366023
43rl6l36vws3vc9cczc9zv6h,11.017390214952986,0.006737946999085467,0.05501706562729258,0,444.1763355624197,898.3526711248394
wztmw53lqwh4qh54vr5lw63h,14.69914309810201,0.9907578682028425,0.06661968632010024,0,416.2216317420249,842.4432634840498
lvt3c694hm36s6rzctv9t665,1.1209858061495845,0.006737946999085467,0.05494452195532867,0,465.79145555287056,941.5829111057411
tct9hzvlsww9l6twll644rm4,4.553777229469619,0.006737946999085467,0.06715314185991869,0,424.02935135161295,858.0587027032259
9sr6wm39rvl5t5whttwzt4z3,10.947102195280511,0.057687118047461364,0.0886115758515763,0,463.0000920257675,936.000184051535
m5tv5vlzm4zc566cztml55mt,12.41580808681289,0.48304632958188576,0.06571200529847732,0,394.64285694276833,799.2857138855367
44rcqlz3qzclmtlhtq3qw443,1.0280075502215245,0.11199085457857379,0.07125084927995529,0,466.83251824244394,943.6650364848879
4cthcwrwzl9h94c6q4l4t6mv,10.683681767830938,0.39143337482807666,0.09373475737754625,0,470.08094494927735,950.1618898985547
c6tvsz3vqmtzl6q5hzlqlvq9,0.9292572730029199,0.2990456947309298,0.06961773007257321,0,460.67854721177173,931.3570944235435
9ct6zsmrc4th4hcww9999h6c,9.471175863427963,0.3376120405475723,0.07518170188919378,0,445.40204543863155,900.8040908772631
cctsqrms9r3t6qql49lc9shw,12.286421102898956,0.006737946999085467,0.05877613451842905,0,433.7440775118048,877.4881550236096
4vrh4zqhsh5hswqqsqrq34ll,21.10884431594527,1.0108739956879316,0.05865930526852129,0,392.22552223954875,794.4510444790975
4srl46vzrhw6tzwtrmqvcml9,1.697043488672799,0.006737946999085467,0.051361216596819456,0,458.3736980565618,926.7473961131236
49rlqrccqvth3cv5rv39z4zl,8.448387229589802,0.006737946999085467,0.09313775405382928,0,405.07960766455403,820.1592153291081
99r53rq69vhvr5mtv9z9c9th,0.662589496307209,0.10834312826223964,0.0440146591515988,0,326.83048325574447,663.6609665114889
5htq4t4hwrtq9qcrvq9wzlv3,11.050262329071888,0.8357905009260785,0.07748472652021789,0,415.4997864852889,840.9995729705778
4vrlqrs33966tcv49s3ss4v5,14.752925570598205,0.7816226666977474,0.06024960626289137,0,425.2908709508042,860.5817419016084
rctwsh5mt3tw94whvsc5wtrz,1.4991136270840921,0.006737946999085467,0.05207308353965037,0,397.96765778469126,805.9353155693825
c6tmlr3swr3h4hrwtc5s9w9w,10.326967650727086,0.006737946999085467,0.0631288040787763,0,365.486779329773,740.973558659546
4zrm4rrl3tw3qz96htrsl44m,14.365289086831428,0.9131137643165588,0.07393545857200223,0,384.3526433419895,778.705286683979
vqtql6sttwwhl4src4qv4t49,14.236215617943305,0.8703687709215935,0.07740546676603763,0,405.938159322562,821.876318645124
rctr4rhc5hll56lswmvlzwrw,1.51928572995288,0.03538070914823732,0.058704073664731835,0,448.7499703642512,907.4999407285025
q3tc4hl5sz3tqqr333545zcr,1.3147849170073613,0.006737946999085467,0.059412452805673976,0,420.90568549913314,851.8113709982663
hlt9zwlm65lz543svqvtzzhm,14.344540999993672,1.0456828579200321,0.07749923814670662,0,460.02927026787404,930.0585405357481
4rrwscslsr4slz64r4qvh5lc,13.203996166157442,0.006737946999085467,0.059565107754011776,0,412.0992988104529,834.1985976209058
h5rcr3hcm3s3cctcrhvzwvmm,14.92986759706979,0.006737946999085467,0.059479608712690014,0,379.91678002797346,769.8335600559469
4qrw45m36s6h9mq6v6lqh4rt,1.6074163618351773,0.1657545579754859,0.07277069874479229,0,448.5402215128447,907.0804430256894
33ts3qhtcwvcv653mvwqqttc,9.639254796872521,0.006737946999085467,0.052245834751116396,0,449.45400001265494,908.9080000253099
mztq6sqzrhq9w6hqrhlr6lvc,9.63206587345964,0.30490057437827356,0.09312340923575986,0,443.697350116366,897.394700232732
q9r6m4z69lc9rzcvv4czvv4l,0.786169956307856,0.23422114384638903,0.0699513049466329,0,414.8092024779509,839.6184049559018
44r5qs4v36twrtcl3s4qm46q,16.97602656559105,0.8505944676709583,0.0716032257122034,0,428.66669816047875,867.3333963209575
4zr54q9v5t3ctc5hrtlql4sl,0.5979204611667752,0.1814336533436151,0.046500401846918955,0,415.7262837691991,841.4525675383982
rttsv36q9s6444c9m9zqssr4,12.839833467115309,0.6647541322212784,0.08045366451134332,0,453.98599565623545,917.9719913124709
twtql996czvq6hhcr6hrs4s4,8.621371656973372,0.2664948254136609,0.07956761724080388,0,415.2337601269822,840.4675202539644
46rw4zhc5hw4qvrlsc9q34m6,12.53033961979581,0.5803068917788994,0.09036224939045548,0,408.36289851047013,826.7257970209403
lztrv9w44596hqrc3s53666z,14.766242020452754,0.5245117953554879,0.08768977217829363,0,446.23158312332254,902.4631662466451
44rh464565trztz9s36m94w3,14.269464514703888,0.9722545816044065,0.0681273578907986,0,428.18600145323956,866.3720029064791
4lrqq463qc36tc65l39rh4q9,0.9355938331660676,0.013315457388118172,0.045287570720060746,0,344.76878557373266,699.5375711474653
55tq6hv3456r6qmz93l6mztr,16.581527666047318,0.9205954809813397,0.07123353428141517,0,440.6590272370129,891.3180544740258
4rrm4h9l54tl9mc9ztcqs455,0.27453666944749844,0.17717091806307766,0.0420323649436769,0,435.39523583888615,880.7904716777723
qrr4ht3vvvq5wz43sthwl4vv,0.6651846850960239,0.10048593001904614,0.0563274230481253,0,363.74634565227245,737.4926913045449
9ttwszmrwsllq4rcz9t9wrw9,0.5569870018022703,0.1287678614329771,0.04720982529999054,0,377.51101152787044,765.0220230557409
4zrt493rl59qtct5w5zq44m6,14.808798237559765,0.5116263124203864,0.05697533957263719,0,395.84263852856503,801.6852770571301
69t3zlc9crsc54qzqzrzr69c,11.38866685870552,0.7317725809881761,0.05702244219048726,0,383.19384981754666,776.3876996350933
l6t3hvh3z39zqq9svq9sm5mv,8.765335772214065,0.006737946999085467,0.07428668990469556,0,484.3571906387235,978.714381277447
9rt3zmqr4596t4v339m3q3z5,17.702401286372414,0.7475678563771222,0.05842364814486188,0,400.57233693701835,811.1446738740367
4tt6zcllr9vlq44hlc3m6scm,0.5899504322779414,0.1999047009835015,0.05903595037255594,0,395.09561616565907,800.1912323313181
cztqt4czl56hm65ws35zz3sr,1.1551180244581338,0.018760169356056067,0.047768258928062315,0,377.7577611961719,765.5155223923438
6stt6r9wh44v44r34wvc5lv3,13.628944664565402,0.9276444090445833,0.0826926017557955,0,405.08217183875854,820.1643436775171
m6tlr3mzsm3zrq354zhws5lm,17.593989000106486,0.8630468364075495,0.05747808605117693,0,434.4585871954295,878.917174390859
4vrw4z4swhw46vrlshhqc4ch,12.698529143199904,1.1878642200501264,0.07322618071519733,0,450.2750063909908,910.5500127819816
qqr9tscllc45z5q36r5rvtqm,0.8756612034253373,0.22933798403653693,0.05705103497386163,0,358.1923255812012,726.3846511624024
cttl9tczztq3qh965m9vt6m9,0.618307917131369,0.0997115059522708,0.06706474291886255,0,523.1023018543594,1056.2046037087189
t6tr9vrs66vqqh9stt3s9l44,0.7816826871106992,0.5376611659694555,0.11559459256461566,0,355.04088161296,720.08176322592
trts33srcw4z9q45sz63shls,17.077530595214142,0.8410251111050235,0.0708366385135232,0,430.1660330950249,870.3320661900498
rztvsrll3cztm4rzsz65lvcc,14.414602452267646,0.7775245747214874,0.07985224279061608,0,404.6314698420446,819.2629396840892
4zrwqqm6rtm355w4mvr56z69,2.0760654172657675,0.006737946999085467,0.06381979529417409,0,434.2191288499589,878.4382576999178
4lrm4543srss53l5c4cqw4v4,11.599347254229146,0.6075813163176396,0.07950316718082852,0,401.14717625481643,812.2943525096329
3ttw45s3qvmcm6lhvcrcsc6w,10.414481045154048,0.15514854205307896,0.0551282050588814,0,396.59274364075355,803.1854872815071
srts3qzhqvshqq66q35l3wsv,2.471142800462185,0.006737946999085467,0.051401578339040535,0,398.44582462469145,806.8916492493829
m6tlq55m6vhhqh9cmtqclm3c,0.469850949637842,0.6757115615959678,0.12124333318136256,0,343.5808126509266,697.1616253018532
slt9sllscwcsc45l94z65tv5,1.4850819154649662,0.006737946999085467,0.04669056923852137,0,366.8051262656279,743.6102525312558
4tr34c4q9wl35wsvcq3q5464,8.223643854560144,0.5903109114075976,0.061008199827464166,0,411.24477891511367,832.4895578302273
4wrm4vsh35c4vt6vvv5t64ws,0.4678223024297371,0.14266335848013184,0.0547803431433616,0,511.90372130750325,1033.8074426150065
4srt5vl4zqzms5tz3mcw5twq,4.751507597940544,0.006737946999085467,0.06014145214774599,0,378.4307422342384,766.8614844684768
4vt64rh649thm6s96c4hzlrv,11.138522700151254,0.31055677592445297,0.0887916464525356,0,422.93791305628287,855.8758261125657
4crr5mz9zrcltz34zsv96t3c,0.6521111021268957,0.370760459672852,0.07097652159646707,0,371.4959510291399,752.9919020582798
4rr444wt5446swqtqmrqz49h,13.835648871951253,0.006737946999085467,0.08093909936987133,0,417.03231838027057,844.0646367605411
q3rs6w3tr4tw35tc6h93vvcz,12.258634495424221,0.7020788283904321,0.08591205987878427,0,497.0298956296512,1004.0597912593024
lht59vml53stl6t9356zzlz5,11.654982246557777,0.5086093722526874,0.09345658450824286,0,436.2668673331791,882.5337346663582
6hr65llm5rccmz45wwsrwrqv,16.750366159480237,1.117705853809014,0.06659870761324474,0,422.0565773053338,854.1131546106676
4vt3hh4tvlzmv4m4lwl34s94,9.351454834702515,0.006737946999085467,0.08021133377642761,0,456.22893200091676,922.4578640018335
4rr5qhrlcz64wvv5m9s9h4vs,6.277210507711024,0.06884680252479415,0.08375992488934153,0,507.13532550241405,1024.270651004828
zht9rwvr3zlcz6q5lsmcrzrv,14.067007483161976,0.4597731707171779,0.08327311170742475,0,445.75926676150976,901.5185335230195
5ltrht5vrmszz66t6mq6q6wz,0.674693482052447,0.15207941347810935,0.06586901869822784,0,468.17401011393224,946.3480202278645
httmcs4cwhs3c43mmtsz696z,16.177087432930605,0.006737946999085467,0.04967021287879216,0,430.8782953522688,871.7565907045376
vttlvmzzl5zw3643tls54hr4,12.581876852364928,0.9742977043147463,0.06799761432977482,0,454.2762254673533,918.5524509347066
4qr9lm6t3s46rz5z43q4qr49,14.981335869378643,0.21733746056052522,0.060592150454018605,0,399.2681311130408,808.5362622260816
4zrc4646c3q4tm35lq3qz4tr,14.70501223787473,0.8630620891610671,0.08130385907271481,0,426.12067070899195,862.2413414179839
hvtc994r6wcwz46s5vsvmwtm,8.049421198240358,0.006737946999085467,0.0609702452374774,0,409.6287760711201,829.2575521422402
46rc4zl46v35sch6s3vqv49l,0.7679283895363881,0.10270886161947934,0.04883220936626774,0,385.81050924133865,781.6210184826773
l5t4ml5smzh3c66w53vtvssc,3.52067605124627,0.006737946999085467,0.08078312197464974,0,461.1383625477154,932.2767250954308
h6rlwqh4q4hhvzv4r9qrsrcs,7.320090998927763,0.2692603381684747,0.06310539511471659,0,434.94823024047037,879.8964604809407
46rr4hmrzlvvwswrc9zqc4sl,12.986589771823873,0.7983031060721781,0.05772046993603436,0,396.8013012736195,803.602602547239
c3t494tlr39c4hws6hsmhvhh,1.344187026641623,0.006737946999085467,0.0529095243085036,0,416.7101852432544,843.4203704865088
6crcmzzr4r3zh5trl3vchzzq,8.753957412835527,0.006737946999085467,0.08102863299130285,0,410.61552261628003,831.2310452325601
45rs4ctq39strvccllrqc433,12.381308780167718,0.6339538975533111,0.07342180245656932,0,456.4247248130275,922.849449626055
9wrv3lhr9vc64z6q6vmhch5r,8.699413687072179,0.2855186937508378,0.08855011543097713,0,487.639155416718,985.278310833436
mvtvv9lh6whmz6434mwq9vml,0.4264988375620202,0.9471244543835463,0.21226094261487743,0,382.1299176509271,774.2598353018542
4vrlww3cr9vlw5ltv3w4smrv,15.797037831028206,0.9199292659059677,0.0774262587828795,0,409.4449108670262,828.8898217340524
crtm9ss64cl64qcmq4zr9z49,12.351366700992333,0.464672293072354,0.07133386642297909,0,427.65505886835444,865.3101177367089
4sr94hrv9mzvstchhr4c4465,16.606301001095638,0.006737946999085467,0.07559683439433489,0,408.49404678093396,826.9880935618679
99r9hw9r95tm5c3c959z953m,14.76426355795305,0.8404623722121096,0.06433737125783794,0,497.3947906745302,1004.7895813490604
69t9trc3cwqz36lltw3q4hcw,6.70777587646991,0.006737946999085467,0.07415673693398195,0,436.4790242909764,882.9580485819528
4lrv4ssrssmw9vvshmwqs4hw,14.594880999438027,0.546726107900127,0.08806502972654856,0,426.8930088345429,863.7860176690858
q6tscv99ltcts64svvrch4qw,1.3843780610824055,0.006737946999085467,0.05018251513096808,0,427.7836226109831,865.5672452219662
4lt3zst5rh9lv65qch5c9twc,1.1486632729957886,0.006737946999085467,0.06489369015505717,0,454.6020457768503,919.2040915537006
qwtstzrvz4rsh4lw6s9vsv4s,17.11076954046429,0.7745114395432533,0.08080111541710897,0,444.00286670369076,898.0057334073815
4hrh4wc3rql56vz3969q54mw,11.23322211405397,0.6254112169770986,0.0937630217721398,0,455.7198171838858,921.4396343677716
49r5q9v95th93c3hmchrc4lh,1.3838840734299311,0.025005267829477158,0.05352060926862895,0,392.9728759004576,795.9457518009152
4hrtq36t6shvscs9tm5s44wh,0.6721317080077962,0.10322654976183177,0.029699831444854864,0,293.6178411668969,597.2356823337938
hcrm4s3rtv5l65scvvm6r4cz,8.90159053186066,0.8092623389364169,0.0703581643570426,0,425.60309221195257,861.2061844239051
rcrvrzh6ll3lmrmcz6zmh63s,17.304320333633996,1.0187513395024157,0.08374908121496488,0,500.11907364730183,1010.2381472946037
r4trvs5h6r66qhmlz5mhq6c5,6.8113396427795125,0.006737946999085467,0.058785744325689435,0,406.58816052694635,823.1763210538927
hmt5r5q6r4q464zctmc4chm4,13.518337927578479,0.7532461037624187,0.06713360727651607,0,440.2924398548259,890.5848797096518
4qrs4456w3ccs3m44m5qv4vv,10.863809371277881,0.767704991173402,0.06802675779764997,0,407.7009762961457,825.4019525922914
sst4mth6t9lwqqqqwqwc9c69,14.840322323796357,0.6751274725913231,0.07352114631226993,0,424.040677689645,858.08135537929
4mrt4q4w56zm334qs5hqw4lz,7.500935439727595,0.10310511965294802,0.07720524397568385,0,438.9840236076751,887.9680472153502
zqts4rqmw9lz94smmvt95cll,11.83374291837676,0.6927683253590862,0.09154392608730134,0,444.0566049807677,898.1132099615354
4rtv9wt539tsqhml9m9t5l5c,1.8345087704205172,0.006737946999085467,0.059513076207635573,0,384.7027225973896,779.4054451947792
qvtqz5z6mtt3wqt6z6lw3hmw,0.6536970108877582,0.3287267120453711,0.07107664695462085,0,382.62862923409057,775.2572584681811
wcr4sv9qlvm4vzsl9hqzm6rw,0.9243823476804538,0.2742050010772661,0.06951498218293924,0,380.29442838357636,770.5888567671527
qqt56mr95vhcqh34cstc9vvq,13.452648355338571,0.8635323709734066,0.06757108463136087,0,392.17467421147927,794.3493484229585
cmth6hw5l3srqhqts3ltlzrq,13.541556903659622,0.8544852833317931,0.08396755223833566,0,445.9526165527104,901.9052331054208
3ttzcctzwww6qh5m4h3r3s5z,12.842011410933296,0.483860046807135,0.06279258578361102,0,410.9873973843031,831.9747947686062
hlrlhcq34wvqqzhm94334t5w,0.5151811881697393,0.2868942865324119,0.0734666701087532,0,492.6277322974893,995.2554645949785
4zrt4cc4c46qv3rvr4sq4446,7.506762864498443,0.006737946999085467,0.0747340516290527,0,486.85905269001694,983.7181053800339
99tvrzs69l3ls669s6tczs5c,12.075833229502585,0.40895706930896003,0.06918187607556586,0,378.59261012197356,767.1852202439471
qstcht3c36zvh49zrqmc64q4,1.1748613010478162,0.006737946999085467,0.048779337858682104,0,387.5618867670685,785.123773534137
4mr64h5czv54wmztmvlqc4zr,7.637789254140082,0.006737946999085467,0.05613710978656386,0,400.29065593305745,810.5813118661149
49r64slcz9vz4s3h339qm4c5,13.831098263507247,0.2258175850822727,0.07126188495474606,0,452.8002920710358,915.6005841420716
q3rcwlwth6tvv594rczrw6lm,0.5812214465618749,0.15054687379373083,0.04809685076322412,0,319.8610734365835,649.722146873167
tmt9l6l39s4wqhwzl3t55mvz,13.083010494024638,0.4054727570534229,0.06864609000711919,0,378.2792574653557,766.5585149307115
l4t5c46w6wh6s6vqll3lvvmw,0.28468841714908555,0.48160875010703375,0.09656389225118882,0,389.566092146035,789.13218429207
4sr54s5wrh4hh3v4r93ql4r5,10.684436251135242,0.4130070752777526,0.07812373103392463,0,402.5028300003884,815.0056600007769
46rzz6wqv6l3l56tl6st6rr6,0.6583216598003255,0.35457284721088933,0.061043602617669786,0,342.4811240183701,694.9622480367402
69tt3twmmrsl6h6t3s4lzs9s,15.181321747800837,0.006737946999085467,0.08453304257189087,0,474.05079207868556,958.1015841573711
4ht6rcr9455ww6wr5lv46mt5,0.5698578579431597,0.6953809053559037,0.2511012135083056,0,519.290097114066,1048.580194228132
4vrzqzhv695q6cq3hzhsw43s,18.71546735273983,0.0834063766328332,0.07660621723322612,0,384.36154161802824,778.7230832360565
qrtlqs5mlw4q4h6t4tzhzm33,9.70535416572842,0.8148085187247857,0.07023165264895798,0,457.9317306381172,925.8634612762344
66r9vvlctv3cvc6qmhl439rh,0.6432195302148482,0.526624831594663,0.08784098711424043,0,413.3488483872976,836.6976967745952
6crllt666mh9lzh363smlhmw,11.620546887008036,0.9809043796405943,0.103536720466388,0,487.68390316479815,985.3678063295963
4vr34w3hvt3z6vttssvql495,13.144468904017483,0.006737946999085467,0.06337848441017929,0,361.3160866193348,732.6321732386696
4srszqvv9r33c596qt3mzc56,17.12746125040971,0.8911457421491928,0.0597081620836875,0,368.85178604877,747.70357209754
vhtq4936cz6tm6v4sh3l33sz,9.370916257467549,0.3882166414872166,0.08124101769197933,0,468.43251324682564,946.8650264936513
vrtcsmvszrq4v6twwtc6lw54,0.535843915999735,0.2780732722685364,0.05733207492696275,0,381.31306873839736,772.6261374767947
qhthw4z6w5m6m6cmlhwqmrhv,7.5148601776636275,0.5649545052853142,0.06548426258626262,0,343.4883727978384,696.9767455956768
l6r4ttq4m4v465wqqwm9l9rr,19.025955168704698,0.04943875118649768,0.058777782987736574,0,415.40850463971907,840.8170092794381
s3rr5qm9rh4vs5r4mq3zrsh5,10.982822698544744,0.5595796505878541,0.05790297848548911,0,378.7006784223959,767.4013568447918
43rc4lw9w9wv35lr4qz3vwsw,0.6193894392520369,0.1289370825785347,0.0402969753292437,0,461.16791448291247,932.3358289658249
h6tsmmm3rtclqhw9qtc4rt93,10.082255685668073,0.020561342210191097,0.05937745239196324,0,386.7908895170159,783.5817790340318
4wrqqhvsltl33v5ctmvrc45l,12.601311266826208,0.006737946999085467,0.07165191602012169,0,461.9902140375868,933.9804280751736
4srv4c6clrqsqzlhrwqlv4rz,0.5145178318735929,0.18512990826898218,0.04718810891477055,0,342.4777640205846,694.9555280411691
tztll3tr4sqzqh3rlwz4v999,14.000965524923792,0.47022032710666356,0.08246366179815637,0,444.2992513829252,898.5985027658504
4lrm465wmslzsvwqq5lq64mq,13.944198152219947,0.2408660063910513,0.05525457946241999,0,403.631534641269,817.263069282538
qlttc96t4656t4c549hv464h,1.53859547893313,0.006737946999085467,0.05099854697410586,0,436.7637680062231,883.5275360124461
4qrt4m35qvvwzv9mhlvqh4s6,16.126068529721614,0.006737946999085467,0.04438820695116645,0,409.59433388382274,829.1886677676455
4ztlm44c3t9z56qqthlvrwzr,14.42945909781351,1.4462971361344497,0.06543415014988865,0,433.8834851384712,877.7669702769424
5qtwtvss4wr5qq4mc9qq99sv,18.351392943969216,0.7783334112535558,0.07777389072652946,0,433.6256733293111,877.2513466586222
h5t354lqvlz944z9964cl6vz,3.4898755007367246,0.6240296610699414,0.10878473903844518,0,450.8739987348475,911.747997469695
r4t3lwlrhlt9w66s6sv46h39,14.420406042769317,1.3581100595495614,0.04370237799348607,0,350.7281610662588,711.4563221325176
4rr6t39sw9m9wz6lwtzcl5q4,8.75419733485369,0.2156214673304461,0.06558507897026986,0,382.0908070795214,774.1816141590429
59t6w3t5lt99qhcwwwt54vml,0.6363212932598342,0.17993365051947796,0.056225084389627214,0,482.0605569650421,974.1211139300842
cht34rhvsl3w36cm9wqzzvwl,12.14952834203866,1.103546542628159,0.06623841134795924,0,400.4172792828858,810.8345585657715
w6rcqhwqccwmcchlhsv3qv9m,13.436086964275665,0.7157819558850862,0.07018030742973107,0,438.31145401201906,886.6229080240381
43t3wllrrc4l4h53hh5ltzr3,3.032902869236452,0.0832580431874167,0.064964457604429,0,400.62121196765736,811.2424239353147
mmt5c9srhzrc4h4v3rcqmzhr,0.9258140696786484,0.16050125829941397,0.06167607245956965,0,369.2849928492545,748.569985698509
hmrhzrw9s9z6vz5vstvqqlzc,15.596723610375477,0.6912742135838503,0.058491720640664074,0,393.32851573741755,796.6570314748351
wct5zwq4l6wmqh5vz6q44r3t,3.9359589152160805,0.0891294266522167,0.05316223616472511,0,392.6220660135835,795.244132027167
4srlhmtvwvmm65vvrwsrrm9l,0.4798704234241173,0.526090399341383,0.0887196075984341,0,412.90009828962167,835.8001965792433
q6r9lz5svl9r35tq63tzlm4c,13.761625224420428,0.006737946999085467,0.05809191730022423,0,418.68306043393306,847.3661208678661
tmtvsrll56shw4qwz96swcsw,16.858726617925647,0.8461368131805278,0.07084106102789281,0,362.52799672042613,735.0559934408523
5hth5w55wmzrv6qmtzz5h96v,18.00702372440778,0.006737946999085467,0.07112350552295263,0,475.3485619327024,960.6971238654048
w9r939wzclc65zcmvcvzsl5z,17.67480550083782,1.0060698510164345,0.0700862467467195,0,457.4183479544317,924.8366959088634
63r464lt3s6vvz44ssr5whhm,11.711309894310514,0.7804287575748929,0.0701418839731408,0,400.518865766128,811.037731532256
4qrc4lvmtl3z5lr53l5q94ts,10.646107201422488,0.35226541952213375,0.07201267208786934,0,453.46972988462085,916.9394597692417
4sr54cz965v6qcclqrtqq446,8.205646851566257,0.006737946999085467,0.07049001895537216,0,417.8397885833766,845.6795771667532
wlt35w3lz66rh4qrzm9t65sq,8.490423150014964,0.29660425504820165,0.08343679440563094,0,422.0303544948393,854.0607089896786
6mrs3m4wmwc4c56z4zwhl3th,11.05251014252639,0.4561742879301526,0.07235803801591789,0,417.357464814518,844.714929629036
wwt5t45zt5qt4q54vs9msc9h,0.6368651588813241,0.1173732977656502,0.0459270759521159,0,330.41950158110484,670.8390031622097
4trh44l59vtw9l9m9v5q34t3,12.45712428061197,0.3159700840176074,0.05683866531571663,0,421.2497166342625,852.499433268525
shtmr5cvtlcml6hmwtvw4q5w,14.842926502608352,0.5311659015399067,0.0794214486359377,0,462.77670377547287,935.5534075509457
cqt993zr6l5mv69sl95c45qz,6.102950038938864,0.07560471556665849,0.06390886167282067,0,391.6516380123835,793.303276024767
hwrm3m4tt6hzcc495hmthr9l,16.207772352468773,0.006737946999085467,0.0610586473491876,0,399.823599365193,809.647198730386
qzrtcsmlqv9v9zqm45z66h3l,10.04582141503746,0.6033762311688229,0.08466167428744775,0,402.07259171889615,814.1451834377923
s3tm93s66rqct4sm546ms9z9,1.8866427445801994,0.04741308313402409,0.06658076446231642,0,427.0849333792539,864.1698667585079
4hr9435wrmtr9cmh6rsq649l,12.125578489177602,0.006737946999085467,0.05227316818631893,0,347.86267421345053,705.7253484269011
t6ts53mc5m4htq4qsh4mwvrm,10.818567360256145,0.006737946999085467,0.06846132512645872,0,408.8625563632672,827.7251127265343
hmrrtwlrcl3335rv4vl9h6v3,0.9250812607971206,0.006737946999085467,0.02633616824466544,0,329.4426043087724,668.8852086175448
4vr5t53hcrcmz5llsz45sv9c,3.705119857672541,0.10045620698980069,0.0825148643812865,0,452.0749593652296,914.1499187304591
4lrhcqwvh4v3rzww66qw4hqh,17.854953860922485,0.5165256000219927,0.06254307843568978,0,385.89574239241495,781.7914847848299
hmtt56q3w3qmqh464mqz5sml,0.8636137199367897,0.006737946999085467,0.03224454145442368,0,476.0276166683376,962.0552333366752
qqt9mccvstm9hq3q9t5t4l9q,9.478841325466377,0.4336361558817781,0.08444079122196962,0,440.6529843177857,891.3059686355714
44rqqvss6czhrczvqmrrs4ws,0.8501188185858736,0.16387897635581106,0.04715534868395145,0,368.88053333290253,747.7610666658051
tmrmw55qzrq9h5qc9t6ls9h9,17.744651029745988,0.5268912007861637,0.06586098589041978,0,455.85253289874214,921.7050657974843
6vts3wmq56tlm6cq3ccz9rlv,3.8285344119389233,0.09418839018572465,0.07336372385952691,0,407.0624261623092,824.1248523246184
45rvvrqhl634hzmz66ww4slv,12.920080356628226,0.3771339950080856,0.07841127016165672,0,430.3191103925381,870.6382207850762
4qrmqcvtrvlmcrhlt394w4tt,1.197763164017784,0.006737946999085467,0.04246841587887017,0,380.5443532621483,771.0887065242966
4vr44mhctvsqqcsc3q6q34m5,10.487536639768537,0.5337252549317811,0.08911170237429933,0,443.57743728998327,897.1548745799665
srtwtw3msh6q56r4hq3wm3wm,0.5274304648926783,0.11740109455681436,0.031104925250552133,0,240.59594138351127,491.19188276702255
tlrq5tmw4hhvmzwrwqv6s3qq,12.487653146565435,0.006737946999085467,0.062386796197752475,0,477.2432258999525,964.486451799905
9lrhcmtvh4r49zsz36t54srv,8.494739989141483,0.006737946999085467,0.19590622344597353,0,639.696547488056,1289.393094976112
wvrr5v64q9hshzrl634hh9lm,0.7102223658022784,0.39405128355391184,0.07088442858058881,0,292.6281508688127,595.2563017376254
4rrsllz6vtv6szqzc99l3lvc,10.112029540326635,0.006737946999085467,0.07845141289867016,0,388.9553247023165,787.910649404633
qvrvtrw9mztw6ztlh4s6szmr,0.6765479205195838,0.43427031003658945,0.08457072469502823,0,332.38504977443426,674.7700995488685
