"Participant","l_fit","beta","tau","condition","NLL","AIC"
s5tw9zrwsrcw36s3hqwrtctl,10.210043948935605,0.006737946999085467,0.04728282657182195,0,713.4849343010804,1436.969868602161
wwt4t66hszzzc6qmz3zwv9rm,2.5512785570722443,0.006737946999085467,0.04627673848259936,0,558.3281658358071,1126.6563316716142
4trz4wrwrvz5rml3mc4qs4z5,9.568723516019556,0.006737946999085467,0.0446498400280101,0,632.6694038550663,1275.3388077101326
46r64hhtvsz9rmrscrcqz4vv,4.259150809428039,0.17267438398193172,0.059756564132803856,0,580.6885940595499,1171.3771881190999
4rrm4tcchtl49z3w3z63h4v6,3.2648407795638517,0.006737946999085467,0.04760633758484978,0,641.3819021320444,1292.7638042640888
twtv6434qrh3z6ql5m4h336z,5.955626810737988,0.006737946999085467,0.0627437504048556,0,815.0070684939728,1640.0141369879457
twtzmvq9639ts49wll9c65hq,8.780328696685734,0.5689792789083359,0.04517154251180526,0,527.5280248021571,1065.0560496043142
qzr5q3z6vsvwl5m9z34zz3hw,13.334482667142343,0.20059432336054667,0.05673415292140947,0,780.0980721487184,1570.1961442974368
6vrm99wzvh35rzsrvwwtrczt,1.3291171593454951,0.2779083944826125,0.05219755465827565,0,667.9517681050256,1345.9035362100512
4crs4vmc4h55qvqmls4qh453,15.559516949098363,0.006737946999085467,0.04766024185187258,0,707.1201948682999,1424.2403897365998
4crrtql9ctwwz5cwzvs3c5ql,6.794370972949769,0.12396625975806583,0.06863569401678085,0,868.9167336273549,1747.8334672547098
vhtq5zchhvrm3664zr3hc65m,5.872881158819675,0.49553759678272125,0.05809543270450105,0,759.0189264952695,1528.037852990539
4cr35cv3hm453593w345v9vl,2.2175502098153137,0.07398704530131017,0.04354919916397162,0,627.9159261884071,1265.8318523768141
4mr6q4wzhltzrch3tr5w64h4,7.026942228014838,0.006737946999085467,0.060806076845140555,0,777.9619934452812,1565.9239868905624
qrrzt3mq4ztmmztzszmqsm4s,9.09441448130671,0.6268757184000686,0.058762899695591606,0,802.4957008641047,1614.9914017282094
46r34h9tqw9vrshhw96qc4zr,3.46451016603539,0.04066863152476772,0.045275795208756006,0,667.2321183869524,1344.4642367739048
99tqcvrwlszs949zhlrcmvmr,1.6745077249472664,0.22684808890499175,0.04672347705920179,0,672.8328485251865,1355.665697050373
qht6z65mss65t4rmq9llszth,0.6455386281099,0.2002047392921686,0.05096000636554726,0,664.0520226163137,1338.1040452326274
9wtlzmtvw495v6cc6c5r4s44,19.469781432990636,0.23391254352642055,0.06367844314853516,0,671.3946526232285,1352.789305246457
45rc4sz355c3clzl9srqz46t,10.154833593250302,0.4019912439851129,0.06301515350747404,0,839.9722247203292,1689.9444494406584
4wrzqq5v5hthcvw6q933l4lm,17.26436432420791,0.006737946999085467,0.061752667621293805,0,988.5675337313668,1987.1350674627336
4crcq3h3zslclv6qwmz6s453,5.993977853386629,0.06648088615277833,0.04335630251110706,0,671.7291581627562,1353.4583163255124
cct6cllh9wtqm6t54r6cw3qr,19.676379661132238,0.17275021445355251,0.056336691210946664,0,714.0821026431773,1438.1642052863547
vqtlrhrrsr53m4m45mrmr9m9,22.63679624365909,1.097620806820858,0.0503520477874901,0,837.4173887780339,1684.8347775560678
tstr6t4hc5s3z6r4vmhz366q,0.7512101733599859,0.18280477412395693,0.04024364925479705,0,521.0994963342941,1052.1989926685883
66tmzww45vw9c4h39c4r6rq6,8.282103439456499,0.006737946999085467,0.06203983300987434,0,867.3488670748363,1744.6977341496727
4zrzqhwwszcmlvz4s6lwz4c5,0.5429278178483736,0.09033419281202762,0.02268006879040032,0,407.7148265147229,825.4296530294458
rrtss5zs9vmt64hs4vc336hm,13.629326766369037,0.4920891320808618,0.08619444476339716,0,977.0895806726076,1964.179161345215
4lr4463vlcz96l5wwt3qq44l,0.9649744667621556,0.34260343892446465,0.06135088852121719,0,733.2340754797059,1476.4681509594118
hqt4zv39rr49qhvz6lqwtmqh,2.15353964732812,0.21740202566648179,0.06140440153749751,0,685.3940551388786,1380.7881102777571
4zr94h9h9369rmm6h6lq349v,0.7708021436984479,0.08625855967264207,0.035659101516484076,0,502.2354347778779,1014.4708695557558
4rr9qh39lwrvlvwm654r54w9,1.087381149390797,0.20642336188211408,0.04832465222902767,0,617.7248874568937,1245.4497749137875
4sr34wwcvzvr33l9t4vq64l4,11.580654257209448,0.8205638198918574,0.06650818303812046,0,838.2712732468246,1686.5425464936493
3stt3wq4szt54hq99tql43qt,26.92457844284384,1.0528198776931208,0.052528938558193475,0,679.5774217610032,1369.1548435220063
w6t369hrcqztq4994tvhmmzr,1.1018129760715947,0.03752920709085632,0.042128065167501144,0,569.9510685515064,1149.9021371030128
clt4966zmmz654t3l93l4sw9,1.8188631730078748,0.1299608552355026,0.058321593292430245,0,758.3396477813908,1526.6792955627816
z3t64h494tq9r4mz3vl434v6,8.86035945554643,1.1889542343055384,0.06992888610265481,0,902.2538601106337,1814.5077202212674
4wrz49rt3wv4qvm36r5q649z,2.2879155401685645,0.16012754850459154,0.05684473120247162,0,789.2384807923221,1588.4769615846442
cvt4th9vcshr6q559w46z46l,10.25409691766288,1.2284732967778123,0.0651034441613525,0,918.5505245104475,1847.101049020895
5ctz9lwc6rt9c64rztwr6rzm,12.658238113361497,0.8619059167980628,0.06602428593380327,0,978.3974780422149,1966.7949560844297
sctczct35sslc4sr9hll3vcs,11.515973776564842,0.7870569380936512,0.06850172134013587,0,937.5887493986794,1885.1774987973588
4qr34shqmq5m43m6wh9qs45c,16.6011117186093,1.008792880985768,0.0664573840915664,0,947.1137395041446,1904.2274790082893
h5tzm4r4mwm5rq33q4tvlzzm,0.8569434964426529,0.3086786792045596,0.056052545360829875,0,736.0663057498482,1482.1326114996964
4wrt49z64cvts3c339cq34hm,12.304383337266334,0.5773197307536102,0.0649745469681302,0,899.9553710076875,1809.910742015375
44r44zmrtvl59ml3llcql4w4,0.6350752304834258,0.47130541998228503,0.0902339270999902,0,759.9095381747693,1529.8190763495386
lzrhwclcm4mlvc9lmvlwswht,15.55125288884136,0.8890142589714283,0.07233095170485924,0,950.1984423393912,1910.3968846787825
sstr63rwvsmz36hmqs6hzzvs,0.8798087254939144,0.2609713470514342,0.059272339397642385,0,737.8946222462156,1485.7892444924312
mvtr3v5q95zl6qlv4ws93tcs,0.6620336354578005,0.44989490239005364,0.07780787638851225,0,720.4733319221207,1450.9466638442414
43rc55sq9l34z5vlrvrwttm4,0.6829964700058785,0.3856834052668619,0.07174453600507266,0,720.6629879090422,1451.3259758180843
4qrwq53mslq4cr4vsrt6946c,8.751901330286266,0.0067379469990854705,0.05629182773499914,0,553.9863744456609,1117.9727488913218
6mtzhvrqrcs3rq3vhhrr5c43,0.7525438737786401,0.4001188869016622,0.07578874229927414,0,758.9521534872063,1527.9043069744125
cqtr9mqwmqrqqhr45z6qtqw4,0.648191791129251,0.287560123000979,0.052080237160713,0,626.0078945463576,1262.0157890927153
4hr44lch6vl5hmm9vm5ql4c3,0.7467038594327458,0.4084593192275333,0.0676171874811901,0,675.0676487465331,1360.1352974930662
4crr4qcqz5vrls4vrqwqh4ms,0.6900752636777897,0.45635739774617456,0.09317343061882924,0,827.6099988799955,1665.219997759991
3ht5m4wcczzcl6z96zwr3tc9,0.625512298560012,0.42523105192351585,0.07532489511813886,0,739.706060432501,1489.412120865002
4rr4qr63tqww5vrsqtrwv46s,0.711037969462127,0.4273295122114519,0.07977354281506709,0,737.3179399616351,1484.6358799232703
4qrs4qcwwtz9qchr33lqz43h,0.7181139803483575,0.43724894470791636,0.07928297637840892,0,761.9053750907481,1533.8107501814961
6sr9zq3clcw4rzlt5m4wqcc6,10.622823148426772,1.3279219670698963,0.06106504225206596,0,898.7669258907678,1807.5338517815355
4trzqwcv6649tczrrlq3l466,0.6573561933781611,0.4688019339183437,0.08521242224311507,0,710.5716500428202,1431.1433000856405
t3t65tm94r4tz4sqqc4rs65m,0.7700164796832819,0.4278367383579531,0.07780578847148065,0,754.0743556223857,1518.1487112447714
4zr445z6zvcssmt9qmzq64mr,0.4653328905720461,0.5203367511931788,0.0975349351516958,0,781.4995247729881,1572.9990495459763
4lr5qc94z3lrhc9z6rl3s4mr,0.7015317226785962,0.3867245311808678,0.06517200390988931,0,649.4363302925851,1308.8726605851703
4crr4rvsz6rtr39v3s6qv4sh,0.800532191166436,0.3392497200717234,0.0667863496428982,0,804.0651285561911,1618.1302571123822
69thlzq3366qhql653rwrzqs,0.8015203802525916,0.3685998108258014,0.0671931718734092,0,742.1782834284123,1494.3565668568247
4wr6365m5ztv35vswq3436ws,0.753279128307398,0.3954828728912469,0.07428574191289608,0,747.6501975429835,1505.300395085967
4tr9q9qmszw33vhmv33t54w4,0.5959547555843592,0.4592222965405892,0.07585472499825283,0,631.1703310906356,1272.3406621812712
4vrt4t9z9htr9lrhtmvq544c,0.8018895228027769,0.3841398063395237,0.08000905580147741,0,778.2412599867226,1566.4825199734453
45r54qzzhltztvhwrhmq646m,0.6732504844040353,0.4482475051650372,0.07633630795360101,0,670.5415204589845,1351.083040917969
44r54szvvth99l4mt4qqt4qw,0.4339061205364722,0.4075502060180224,0.0815151274566194,0,841.9089822534821,1693.8179645069642
33tm3r9vwlrzs4mzrrvhcqsz,0.5997405203886848,0.5188746883032208,0.0873218182448988,0,667.0124590173422,1344.0249180346843
hrthcltvhqlcm6mvc4w63tq9,0.6975816389169086,0.36672883688019786,0.06459410097394214,0,678.1050974202439,1366.2101948404877
54tzz44zm4q5hqwcvtqrttvt,0.27805638826664875,0.44358609494368795,0.08243998779422604,0,799.0328934078877,1608.0657868157755
45r94sc4rsvlt3hhqs4q345m,0.6934773751815202,0.06351377791478713,0.014588152390124596,0,221.41575829750587,452.83151659501175
4wr3qqvq3w95wcc9t9wlw4c6,0.7423371720736469,0.39375853267773697,0.0653194318219994,0,649.2804575404242,1308.5609150808484
qsrrv9r399hl655wqmshwc4v,0.7484441176951451,0.416461830838158,0.07979526855396822,0,739.2382193693445,1488.476438738689
64rqchzrzww3m5hs495l3qzs,0.7315429230832308,0.37516064085887085,0.06050310423958494,0,611.249917169519,1232.499834339038
99tm56rwzr5lqh6z6mscq9h9,0.6294885817599485,0.12627724109550176,0.03424402520971291,0,486.420170784788,982.840341569576
49r64m9sqmlc9t5wq69tq463,0.8230263569508971,0.4243563686925478,0.07545055831044245,0,748.6323687981313,1507.2647375962626
t5tt6vltm3939qtmv3qmvw49,0.5760385807387287,0.0931820386001558,0.02935624999419343,0,384.8876093120266,779.7752186240532
5stvthw4vthstq635l6ww4w9,0.5629627560139013,0.39751229504060104,0.05930176436050319,0,528.3180701359386,1066.6361402718771
h4r43mwzz964cc63599z6clq,16.169327997586795,0.9695283957188093,0.06160718850060877,0,938.7437612888754,1887.4875225777507
chtqwhc4shqmc49ztq9lsthv,0.7482132365772638,0.3705733680147517,0.06783273681035855,0,743.5253766982211,1497.0507533964421
4ztz9cwlhttm9qqh4tmvwc5h,0.8480574790892763,0.39329846180734673,0.07097469493184291,0,744.347838148192,1498.695676296384
q4r34cr6mq3zmcmqmmt5rqmc,0.7647152684375271,0.16207421577239028,0.04374241176210057,0,638.43873524445,1286.8774704889
3vtqhqwww6vqhqz4c4zm46lw,1.4509215959783415,0.006737946999085467,0.04138036647815841,0,489.44656120045045,988.8931224009009
43rzq63t93hsl5ccc9369s5z,0.7383590453195912,0.3587153520969797,0.07330439375762005,0,813.9222244851325,1637.844448970265
v3tm3ztwwth66q4v5h3lr6h6,11.284519500386967,0.1627418538734246,0.05839151508408441,0,855.1685590850506,1720.3371181701011
sttm39wmrr9wqqqlvz6srv66,8.128742718809605,0.006737946999085467,0.05142718250682637,0,747.016820634538,1504.033641269076
h6rq4lm53rhrq5m39mhm4rt5,0.6950275144684946,0.10665538166064367,0.03220071383455402,0,478.9968060187316,967.9936120374632
56ts943rqw34c6m3hl3zh4lh,16.02471047060471,0.006737946999085467,0.05562105118353389,0,773.5324780229298,1557.0649560458596
43rz4qv6sc3wh3ttrhcq54m4,9.753025683881736,0.006737946999085467,0.07589274427579357,0,919.222995629156,1848.445991258312
z9t4qqr64trmqhr4lwczt4ms,3.755689704710749,0.09910890960094333,0.05004097014047712,0,645.3953522193322,1300.7907044386643
q5trh6qlcv3sh4w6whvws9lt,1.4465369440744267,0.2197313123009326,0.05535090887872976,0,741.3507724292191,1492.7015448584382
5ht656h9ml4qc6m4mq349vzq,1.5049460062725462,0.16222374546644314,0.03880849767178053,0,513.3309898184683,1036.6619796369366
wltc4vmhzvqth4zlsm5c9ccw,9.6112744227201,0.0761357497781435,0.055419316888130274,0,670.1432726932408,1350.2865453864815
vctr4q4t939tz6lczmw6zwv9,7.195445297458209,0.2678428217421962,0.06780464082481003,0,809.6895079967259,1629.3790159934517
9cr3qc53hwscw5r4wcwqcwqh,0.8112602205174577,0.28573106104811813,0.05351144349638841,0,709.7959079202989,1429.5918158405977
t9rh99vlhqlhhzmv4q5msqlh,1.1041523639465063,0.061810504374486624,0.033119869435386085,0,572.0983358853672,1154.1966717707344
rttlzthh5vlsqh5r3hqmzlmw,1.1389615190326934,0.26195226233534963,0.05044817837986643,0,729.1624347311499,1468.3248694622998
sstrt499c99rz635qmcz3qqq,8.295156150226594,0.006737946999085467,0.05557626794236253,0,780.5700827468085,1571.140165493617
9zr5w4r3rmwrc5s3vshz4q5z,8.62807997840013,0.6193900138927022,0.06457866406146914,0,743.6253567374938,1497.2507134749876
4wrh4hmlzrc39vhhmzlqm4cc,11.02323569710204,0.7623925461378049,0.04653664045892909,0,640.8468325753649,1291.6936651507299
m4r649cthqzchz3rmc6zczqz,0.590535896378538,0.16274878329517978,0.03602116491233899,0,460.28558091898503,930.5711618379701
hmt54tvh49mwz6vrmvw54cr4,12.992500787775032,0.006737946999085467,0.061621200087267874,0,959.497001490414,1928.994002980828
sqt9h63wz6c6w6s545thmml5,0.789653653255753,0.4401107984351218,0.08020230661567773,0,725.5509991775243,1461.1019983550486
tmrr5ctq3cczmzhtqq33c5vr,6.353102285960083,0.011179518936956265,0.04883866004193824,0,551.3025784357446,1112.6051568714893
v6tcmmm5lzw456mrc4qq4q5v,0.7900050736411278,0.11062141217893307,0.03372004411028376,0,516.5743739304821,1043.1487478609642
9stq3m4v36tq4hqrvhvchcmv,6.511855432951372,0.006737946999085467,0.033365609487632106,0,506.03074894931837,1022.0614978986367
l5t53qmrsc3lm65s54q6q66q,4.801723727052988,0.4217945889913425,0.08563162993735257,0,913.3102833010054,1836.6205666020107
q3t9mwv36z5vc6m6vrml99tq,8.887109661810612,0.49284388385341577,0.06665300418322836,0,895.69126445371,1801.38252890742
c6tms9v56h9wqhhm4hw5993c,3.595738567472598,0.06417029968884343,0.0447376062394975,0,614.7140002066303,1239.4280004132606
qhtv94h59ms4369tv35cmc59,13.411018708097767,1.3856159995507698,0.04836771635629286,0,631.6257545974204,1273.2515091948408
4rr64vtmwt9wlw34ww9qr4h9,24.338014719173927,0.006737946999085467,0.058221763492658736,0,719.8248796584471,1449.6497593168942
rrt6wq964hstm64qthlr4h64,8.593742212063521,0.2632519943175776,0.05559427262499017,0,684.866508764215,1379.73301752843
6ctr594zhh69v6czcrv4c949,0.8412548878449728,0.1273431148607171,0.03305017022054766,0,585.1790463390843,1180.3580926781685
4mrt46q9stlw6cs6vt3qv44t,0.5750841551218372,0.12081201648702508,0.031557228895169265,0,357.52536435116735,725.0507287023347
h5tcqw5lvvtcz69qvvr9mtzv,7.0967306636252445,0.22530207935655133,0.05195510405875854,0,889.1134769972089,1788.2269539944177
44rq43rwqcvr6359mwqqz4r3,7.138906385961577,0.006737946999085467,0.059414524456226525,0,664.2268329687174,1338.4536659374348
cctt45lhtvh6w6whh3twwlml,0.9492080113079466,0.34464118756973294,0.06850348444025713,0,799.6315483321403,1609.2630966642805
4rr963tt39htv5v646r66q4l,10.814158809201246,0.5738570545312767,0.07081713517446331,0,830.4642258772877,1670.9284517545755
6ztt3vwh555rqqwt9vstqsmz,0.6719266216878375,0.4770665074365719,0.08627264093880058,0,700.7936649907535,1411.587329981507
qzrmqwl9l5wrv565vt3zc9rl,0.8015145061197629,0.343091728307941,0.06780243515248863,0,795.634716940116,1601.269433880232
64r3zth56ltw6z5v5zc9lv5l,1.5785892687959557,0.006737946999085467,0.04592500072686036,0,715.7581342865456,1441.516268573091
4lr5qc9mhhm53vtq9m9wv4c6,11.9044937852244,0.20570743560710286,0.0581662706990434,0,834.7616163431212,1679.5232326862424
3ct6l6vmsl9ttql55664mqz6,3.4292128724298045,0.014093407442199994,0.05002992425945916,0,629.5888217789529,1269.1776435579059
r5rv6zrvzlmlw9mczs66whwz,0.6944121553254188,0.29863501571734397,0.060391485206401876,0,838.751128576124,1687.502257152248
vstz4lt9thtss6h9cz346z4z,0.7790693830979943,0.460782671452145,0.09006672265709698,0,773.0492728998124,1556.0985457996248
4rr94vtltshvzvz34t5qz49w,5.236228183611081,0.1987575478720267,0.04651398444567789,0,582.972068841758,1175.944137683516
shtc6vsrvtc4z6lslcl3lc3c,0.7644626317021899,0.3896676730470894,0.07465494364020538,0,805.5514475721716,1621.1028951443432
44rh44tmsm4r53rz6mhq6434,0.876678449280111,0.272751852217631,0.053522838393354664,0,648.2371293021226,1306.4742586042453
4hrz496cqvc6rlqzr6hq94rz,0.7565653460890817,0.4359528321587011,0.08109078962594567,0,712.8756062001312,1435.7512124002624
m3tqh6zvvch66qchwsz5cmmt,0.7533235228574258,0.31725182570579225,0.0590141235317686,0,728.9137198115377,1467.8274396230754
h4rmlsmh4mr5lzz6954tmmhm,0.8992934563044817,0.10224290971477804,0.03870643477325976,0,570.8138824330265,1151.627764866053
4lrl44rr5m5tvl5hhm4qm46r,19.299794251571534,0.7506980262240974,0.065917176995127,0,871.062845151143,1752.125690302286
4qr6qmlszmhc9t5wqqh64463,0.6092613013875535,0.42671114549373484,0.06878710888621789,0,597.5180534353385,1205.036106870677
4rr444hrw3lm9vw6t5hqr46v,7.813947097895398,0.006737946999085467,0.06063379045663151,0,641.1719779266521,1292.3439558533041
4ttrlcqvrmrm449ttlzcs5t3,2.025409939594421,0.12419345479946484,0.05919463597254381,0,793.3949634739087,1596.7899269478173
4tr94zw3stc6t3mrhwtqt4ll,11.00519041949263,0.5481363734913918,0.07146824603835256,0,896.3895370844625,1802.779074168925
trtr6v9z9qwtm6r5q9scch34,0.7541977636092336,0.42812453177861287,0.07408214190627903,0,756.6788862991954,1523.3577725983907
c6tz56twrt3hm6rvvtmwv93r,0.8151492010428478,0.28663214824973926,0.05429900518659343,0,644.8463665890364,1299.6927331780728
w9t4swlzv46lm6chvhqcc9ql,0.7549675667175378,0.3811501736083356,0.06300475071176885,0,690.7177770669932,1391.4355541339864
4wrw43ctv9zqz3hwl45q449c,9.961800678459223,0.13450598985789414,0.062112208673396216,0,762.9551707560012,1535.9103415120023
4vrc4v9hl6qs6mc54mcql456,7.311690074631411,0.006737946999085467,0.06467955829171455,0,754.1044358687108,1518.2088717374215
z3tzzmcwttsvrqctrltzww4q,18.558828949325317,1.2024677737471956,0.05862169111789538,0,792.454002070005,1594.90800414001
s5ttcv9wwtzrs4ccrhrsc54l,1.3753099715193815,0.006737946999085467,0.049205411189071784,0,626.0816374309073,1262.1632748618147
4mrh4rmqslm99wq5r95t44vm,15.180812759532301,1.2213037646751679,0.08364590572231581,0,938.5857696321266,1887.1715392642532
3rtl9lqrw6zh56mmz6q3qzhh,0.6598115293167373,0.42492124804362,0.07118881651337515,0,591.1999795477711,1192.3999590955423
9ht3hv544lr5c4hzwt995h6r,1.9429883524488507,0.12101784387234768,0.04137292406917986,0,579.6750580075809,1169.3501160151618
mzthz6rzm53zwqlcvhhl9m6h,0.7698174746333964,0.35957188873313367,0.0739941557260616,0,765.5723973383691,1541.1447946767382
rvrslztlz3s5z5cz9w4ql4ll,0.7890320881155576,0.3049708901612863,0.0668206877002716,0,808.0400109608057,1626.0800219216114
vttz6rqsv5v6rqqsvzhzst4w,0.7915548018836747,0.4147128660924254,0.08065533651346736,0,781.589637519607,1573.179275039214
4lrc4mhwvsrz9v44tl5qm44w,11.09983150244913,0.13348764858680903,0.04995407593711244,0,668.2901628016776,1346.5803256033553
63t3l39355zhc4mvmvrmc6cz,0.7702432260217106,0.3602878987380318,0.05735636799789782,0,648.6566591931169,1307.3133183862337
zvtcrhwvttsmz4mhq354c6tt,0.8388537464257528,0.26394417418469523,0.05409278693192041,0,727.485479812522,1464.970959625044
hsrmcth5t3r4559cz65smmr4,12.808675651088206,1.2915388463523683,0.07155445313293224,0,1025.3046608641494,2060.6093217282987
4rrhs49qvws535lrrl3h565v,0.9139894277758551,0.14972442944603614,0.04035120983737544,0,561.0003445791963,1132.0006891583926
rrrcsr6vtwvr653m5zstlqlr,0.7499442074301073,0.33904474501038445,0.06218286548001293,0,798.0628198294092,1606.1256396588185
4wr34mvl3qr69l9zsl9qc4sz,0.6473005308932132,0.41138360303184535,0.07849965583412091,0,747.4618256037708,1504.9236512075415
z6tmvhrml4qhqhlltt9zstzr,11.835210458537318,0.4189567030182939,0.07094362260299941,0,1016.0674523117386,2042.1349046234773
tstrhtcchtshv6qq3tlcc449,10.035251860739097,0.006737946999085467,0.05031488078142112,0,612.0204398689582,1234.0408797379164
56trt5cv6qqll6mtvzvr54zl,0.6331307474742669,0.16364841520098525,0.03816208440074781,0,470.6751004333434,951.3502008666868
lctvr6qsmsqtqhw454h996cq,0.7361350548085379,0.46212029583326775,0.09102891900467272,0,809.0369394822923,1628.0738789645845
46rlq5h96swtqcrqvls3w4r4,0.7106345704522132,0.40892883627483645,0.0774155101598073,0,753.5495594854941,1517.0991189709882
49rw4z6s34zttv44zcsqz4sm,0.6972381134689496,0.41114707655938876,0.0661448508681591,0,577.0857681306009,1164.1715362612017
4htv5t9ttz3vq4zc3swt5h6z,0.8313271180925745,0.3945075805980848,0.07649762161901094,0,821.2389232315427,1652.4778464630854
w9th4svs9l3456mz9lhszc5q,0.7771188387226073,0.34507955813652186,0.06246929952145576,0,703.1681532279571,1416.3363064559142
56tc6lwvw4r336zcv3tq3sh9,1.0706136018952748,0.006737946999085467,0.037897616061264475,0,348.7296060724605,707.459212144921
45rq4z5wqh4vsl5cl6zqs45c,0.7648928681753216,0.4433197642203178,0.07300342386776418,0,645.4508382709114,1300.9016765418228
tlt6r54m3cw4m6l9w9wwc6zq,1.0767086003155493,0.05512372863105728,0.033310826318142306,0,557.1694307683687,1124.3388615367373
4wrl4mvv5z3hhl4qzq6qh4qt,12.906359083688255,0.7880465606260048,0.07481546170547212,0,939.9628194369126,1889.9256388738252
6tt6lzmv639vl65rtzs5rqs9,0.6365368369370886,0.1013702052504212,0.030461452069256857,0,286.6116958614729,583.2233917229458
cvts9mzsl6zwrq9399vrsh55,5.877539756317429,0.10131983856043711,0.05124002116303297,0,587.8293211464864,1185.658642292973
htthz63rctzvtqr5rctswhlq,0.9524150784391698,0.34495506518606744,0.07381791404095538,0,885.6575311340288,1781.3150622680575
hwtm4zl36ctw34rll3zq6wr4,0.7570813860494541,0.41912728051161,0.07618799711852611,0,709.7505806005413,1429.5011612010826
4zrq4hrc993hsm6mwmcq343c,0.7445546712171969,0.40140534485649654,0.07842688272524037,0,803.8643670923143,1617.7287341846286
httmrrr4srh4564z9qwc66ls,3.360600385824929,0.006737946999085467,0.0368693517529438,0,750.5891212933328,1511.1782425866656
44r94wl93qhs6mtzwrlqz4qr,3.638225678269934,0.10454840345413888,0.05596175903122952,0,667.6686815870703,1345.3373631741406
4vrm4shlh3rvsmzs5wzql4ww,9.497909881872939,0.7963416075504268,0.053376970581713895,0,770.3545677773777,1550.7091355547554
h4tz45cv3qrhs6cwmcrh436m,6.357355909519783,0.006737946999085467,0.048950458156495444,0,585.6806033319186,1181.3612066638373
wttmzt5t6qvvw49lzcs66vhh,0.8055574449597538,0.41755524989042264,0.0815673995329815,0,776.1548245995468,1562.3096491990937
q5rw56966z6vszsr49wr63rr,1.507575323613346,0.18335360987808896,0.057381060286644886,0,834.3812729140607,1678.7625458281213
43r643srz35chvl6tzzqr4rw,1.1652793339766956,0.1775356477716839,0.04807287759247138,0,655.0395024198127,1320.0790048396254
lhtrltttmll3c6zv6q6559r4,3.9548431164379414,0.006737946999085467,0.056667143717655105,0,693.2485481221689,1396.4970962443379
6wr4t5rv94q4l5lqv94msmt6,0.6092596847929899,0.45238071285730025,0.07369721637994203,0,644.5638706141106,1299.127741228221
4rrr4q9clwthl5969htlzqms,5.662626029363208,0.024962401495371614,0.054479866057067255,0,599.6199615902361,1209.2399231804723
whtqqcwhl9tmmqq49m63svvh,13.710175947730345,1.08787423915493,0.08122246136677433,0,988.1438268489509,1986.2876536979018
4lrm4q3sr49chvcz5z5qc456,14.143482196641248,0.9544240985566111,0.06900771460196878,0,939.1337174962891,1888.2674349925783
4qtmrhqhmltt9q3llm56zczr,3.0408208286421923,0.03000850485378257,0.051079650558677504,0,643.1246460157471,1296.2492920314942
cqth33qz53vsl4qr49qqqw5h,15.274904533016864,0.006737946999085467,0.06130161212493806,0,769.7444226143485,1549.488845228697
4wrr9z6l5lclw9mcz4tv5qm6,0.6770389403609487,0.3918394089416077,0.06914471840535825,0,678.6377128229269,1367.2754256458538
4qrq46wmcqhmlltcszvqh4cm,13.300025900436106,0.7781836543611144,0.07225899595654342,0,914.1394299216782,1838.2788598433565
qst4hvq93rcltqtv5933q4h6,14.612503649995528,0.3787811436770624,0.06792561167547792,0,962.8887875100222,1935.7775750200444
44r54zts4z5wswl6s34qs4q5,13.062805027981385,0.006737946999085467,0.04549907333688742,0,703.9940761561083,1417.9881523122167
4qr5vs46wz6lqz4vmsl6wc3r,0.6110931817742646,0.15915532345053285,0.02831852086477418,0,367.957714373323,745.915428746646
9st9mhlrsv4z4qqr3lzrh45r,1.8790730498483095,0.006737946999085467,0.05113212878732863,0,656.7101541293258,1323.4203082586516
wqt65t3t4qtstqcs9c6v36h6,7.638401914874779,0.6116569103447882,0.07773720535193021,0,937.2851013607808,1884.5702027215616
36trs4h6qqs4v6qw3954crll,1.1372042544842065,0.006737946999085467,0.030013290252175494,0,378.08315005719356,766.1663001143871
sltl6smhmzsll6vh9svcctq9,8.870222731762304,0.29137291484068717,0.05822237402350818,0,748.592991633053,1507.185983266106
4wrvq9t6shcc5rt5rsz664hv,5.026311904395536,0.006737946999085467,0.05772400571857512,0,617.8003187805488,1245.6006375610975
6ctqtqqrmt3rhqqm9mc49zq4,1.3435428042236974,0.1825935572287788,0.05127408905171495,0,674.3838369303542,1358.7676738607083
4qrh4wh9vchvmv4qrmwq449q,23.705668348188155,0.006737946999085467,0.05445386004933893,0,844.8826067128655,1699.765213425731
hqt5m44wlr44l6ss95cl5435,14.248252945618448,1.737752421845883,0.07766618617410431,0,1013.5067721452492,2037.0135442904984
4vrw4t46s359qm4353rqh4lv,0.8331164810865087,0.3564318314491529,0.07645778176719249,0,854.4549667665935,1718.909933533187
9ztml9vh6s3h54tvw5tl44h5,15.408460760533437,0.8769670983986468,0.07949052810313265,0,1014.8859667659108,2039.7719335318216
s9tt3m63mszsw496ssqq6sq3,15.284106577657099,0.20980102417590052,0.05446509826500337,0,809.0246849093915,1628.049369818783
wztw59rm9sltv6h4rmsmht66,1.5570546022845737,0.21043747901408782,0.06073259223148879,0,815.863878786233,1641.727757572466
tvr9vv59rqsss593hlt6mtcv,9.55557628208209,0.07722720495336405,0.06638356844547855,0,894.3456981978347,1798.6913963956695
szrv6st6zrvcc543lm349ltq,1.478954281133316,0.006737946999085467,0.03807066646012487,0,533.7189930609316,1077.437986121863
99t39rhwq4rm569995hrq6sw,0.8566652186680999,0.19038194168842393,0.03758149956416609,0,597.6317671089912,1205.2635342179824
36t63vqlh6mcl6zvlt5qmcr4,0.7024480010867691,0.4199375849146493,0.06797886399478513,0,582.649168260106,1175.298336520212
tqtv94mv9cz5s6zzrtv4qhcl,1.0663697303133919,0.06744390123893895,0.025075910083717654,0,602.6294056062244,1215.2588112124488
46rc44mw46w69l6935mq94ts,0.8414003070777193,0.43234857044708974,0.07997216456432363,0,897.2293255743941,1804.4586511487882
w9tthtzt39tcm6rq39trzscl,1.1327180808565562,0.1427086380114069,0.042202300808917514,0,693.2620156929115,1396.524031385823
45r5z9s435chz56htqvrvwr6,1.1318002284982662,0.1007601805280741,0.038852146388038675,0,583.8586877094674,1177.7173754189348
hctzc96c4tc9rqs9cls39z34,0.8241283910996149,0.42554293048827274,0.08525759262842209,0,823.6945863620019,1657.3891727240039
l3t6tszw94lv9qq3clhzz6l4,0.9026017102301989,0.3389212506937995,0.06284118140926381,0,720.8543065181743,1451.7086130363487
4vrc4l9m3l35339tzzmqs4ss,0.7985404792641285,0.3671434724158362,0.07287589247162286,0,781.7653444993254,1573.5306889986507
rwt64mhvhmwlr494c6mwzqc9,0.7193932109719051,0.3097387983509341,0.06142240648063195,0,764.0855237703659,1538.1710475407317
4hr3qwwmmrwwzvczs4v3l4ms,8.43846716375954,0.006737946999085467,0.06891064199259626,0,902.1939199020553,1814.3878398041106
43rwqz6crv9zlvz366qw34qt,8.893075920579225,0.5293137818552655,0.06695201575603044,0,884.8027769273909,1779.6055538547819
43rq4lm4m54zwlrcz3wqt43t,10.275549602920151,0.8939397565249769,0.07519122404725798,0,909.942357784073,1829.884715568146
4mr6qh9vzl53svz5wwztr4c9,0.5911663741969313,0.2720837259313798,0.05002909014889177,0,740.97017499969,1491.94034999938
qrrv935hl3msm5sv9456s436,0.7684094403735393,0.3512441485478175,0.06915188348429618,0,792.5132866690326,1595.0265733380652
46rqqq6c69tl3vzstmvrm4cq,0.8853244709046555,0.3767100179101103,0.06758643995106062,0,758.8858307075263,1527.7716614150527
45r4w4w94slzz5qscc6v4wms,0.6660780796280925,0.3998362252449478,0.06792677566402805,0,639.5976163257392,1289.1952326514784
w5th5h9wsmmlz6h4mmhqql93,3.723053264665081,0.13896260378863257,0.057507118515605624,0,647.929930427936,1305.859860855872
44rt4l33lq5vqvwrvshq94qw,0.8237908217579499,0.2512443298362076,0.04187230724193881,0,574.0339854799449,1158.0679709598899
55tm4vwc6hwchq5czzcc5c4m,9.038873668401415,0.7899623906885356,0.07180166790199435,0,968.5949930961905,1947.189986192381
rmth3h3cwq64qql46h5qlwr5,0.7489805506848545,0.3374494551189833,0.06372598899395884,0,773.6129143201446,1557.2258286402891
4mrt469whrltrlvr9m6qc4lt,9.009363864083344,0.2315299432835981,0.07086503540487443,0,845.6999582756586,1701.3999165513171
4wr64rqc6mcmcvh6wl6qz4ms,12.115514160688983,0.6998535780915561,0.05105293775678425,0,678.2695349824659,1366.5390699649317
zctt4r36mszzrq93954sr996,0.7808487538563891,0.1156257602324374,0.03740021694190204,0,609.7736413773546,1229.5472827547092
46r543cs5tl56v6qmc5qr434,0.8610045850409838,0.37291728256588835,0.07451821857087747,0,780.8888843175469,1571.7777686350937
3tt6693m6hhsqhlmww6v3hrm,0.8067087672438513,0.094725558591756,0.026545887641268726,0,378.5865470080104,767.1730940160209
4hrv49q3vwwsmvwrv4wqs46c,0.6964646723997474,0.42393806317947247,0.0780974076819562,0,781.5231252404598,1573.0462504809195
4vrzm33zs54cv5r4mz3z9h5l,0.7048557541951868,0.4400091019489237,0.07687609746486702,0,630.6924601826216,1271.3849203652433
qcr4qhhmz5m5r5vhrwssss4w,15.739127785499232,1.6283903324100661,0.07562388873978898,0,983.1746325013477,1976.3492650026953
lvtzl64w4vvw36sr94hs659v,0.6728611946899936,0.09581153745523707,0.031429060953323304,0,507.1216523622149,1024.24330472443
44rz43qtqczwc5t6q53mh4t6,13.394119300409818,0.006737946999085467,0.0648874114074956,0,819.8192936814763,1649.6385873629526
6crh5lml454vrzwct46tct6l,6.129209197380142,0.006737946999085467,0.045852609235805676,0,714.6389577824862,1439.2779155649723
cst9v559hmrc4h4trhrmq6s6,0.7497063790576626,0.40783986278076745,0.0764579441993036,0,764.1113103057075,1538.222620611415
c9tc49tc95mm3646vwvshv3l,0.8115304057043312,0.31395491418846455,0.05726349571052808,0,699.0148490760022,1408.0296981520044
zst4wwtmm69rc4l5thww6vrh,0.7653306989284953,0.30962258061174364,0.054777131507004376,0,773.1387709130031,1556.2775418260062
49rl436zc5vv9msh3c4q34wh,1.0058012136995425,0.38645061358411414,0.07124567502418734,0,806.4629591019217,1622.9259182038434
m9tqhhrw6crs56t5s3vv3lh4,3.115822583809965,0.050752728933335794,0.06392670557077695,0,651.7980085494675,1313.596017098935
4qrr4zhs4qs6l5s4mmwv44qw,0.7123603118194518,0.17348218104077834,0.04524295643120293,0,711.866967621002,1433.733935242004
6srshhztvtms55wlhz6rssqm,0.8862102517507565,0.3060728575527674,0.058230771266967477,0,757.9657103242747,1525.9314206485494
46rh44v4z4t93s35l5mq34wl,0.5880201645311485,0.42728160096006695,0.08626464027818413,0,861.1771968205678,1732.3543936411356
59tt6cv6cws956v35v4999c9,10.625426095327569,0.0067456872580783376,0.06579921588028739,0,819.0141841814273,1648.0283683628545
4qtvr9ht35659q9t9m6wl4cz,22.076127768016228,1.602870860072308,0.05943031832648662,0,962.2324281161154,1934.4648562322309
4srs44ctq34cs3m4435qv4wv,9.508385616871024,0.11532999766993544,0.05025285310340134,0,577.7637163765069,1165.5274327530137
4sr9qclzc5lqmvcv49zwr4qt,0.6061127863412521,0.20594309919108078,0.03984100243009517,0,705.6518093607194,1421.3036187214389
4srs4msch5lmll463rlqh4cs,0.7254591917163272,0.31096575081923905,0.063237619486481,0,749.4322052616318,1508.8644105232636
4vt5s9h9q9sqrql3srh9tcmw,14.831193376370054,1.3047218718846252,0.10280272210411741,0,1083.2769963196686,2176.553992639337
wvr5tq34zt9qvc39s3hrqlcz,0.7148492191294284,0.16729043586096648,0.030860425639542173,0,494.0887939335505,998.177587867101
cqttclqrl6vmw6qzqs5c6cwt,1.0980567669073371,0.24471213901064726,0.05822655193872745,0,700.9449821755884,1411.8899643511768
sqrl4hv59hz665wmrtcccwcq,12.310335551194681,0.6954666302653856,0.0635740433416412,0,861.4461215506115,1732.892243101223
95twhlwrmqc556s3rt9mztll,5.117352081585633,0.012564112366659264,0.03349901502568049,0,673.7706874600516,1357.5413749201032
4trllt3w4w65hzq4554zltsq,0.8588135431039602,0.3080109106809953,0.059552977341325405,0,738.0811806156527,1486.1623612313053
4rtvmzwccrm64h5t4r3354l5,9.371981421307243,0.006737946999085467,0.06251817609766633,0,932.42439003008,1874.84878006016
4cr44qvs43twrv4lh4mqz44m,7.2474317274029385,0.006737946999085467,0.06577053347582668,0,722.0790913606423,1454.1581827212847
qqrlsh4l445mczw549wtstqv,6.529217466521432,0.2234001861611856,0.06409318988476495,0,823.2458926768204,1656.4917853536408
4qrh4lz5lmslztsmqsztm4vt,15.043129119678794,0.006737946999085467,0.055832962845431294,0,712.0651960361474,1434.1303920722949
zvthqz334693v6thmr65czrw,11.880115322086699,0.4947883453764186,0.0653919154750542,0,913.6151323465049,1837.2302646930098
36rl5t5h5l3s659t6s9wth33,4.366941133840281,0.11520135813754374,0.04739585686753167,0,624.0170472610782,1258.0340945221565
9mth6hcmms554h4lmwh66chh,1.418151761011053,0.25992112119782107,0.04755675622705651,0,634.2874118781548,1278.5748237563096
rct36q9m5clsz44ql6zmtw4w,0.6895838372630279,0.488767936807279,0.0794107524590561,0,661.272886962027,1332.545773924054
w3rzhmz5wqlszcz4v3564z4q,2.353451587649784,0.16507097731197606,0.04669139534143013,0,538.9465101954468,1087.8930203908935
4vt44wrhsl5c94r9c46m44w6,10.822323982005383,0.24293116537383463,0.058556189227297134,0,757.2422050854228,1524.4844101708456
qvrvsrt63zc3hzhmq56mtrvs,9.472230223348689,0.3239390693446772,0.08003398809484419,0,891.4827373349666,1792.9654746699332
4vrv44tq3q6c636lhcqq44vw,2.1008833013217796,0.15251878978166433,0.036714365484665376,0,516.3404803720442,1042.6809607440885
49r64w5r69rlhvc5l3wq346l,1.0882087709913886,0.006737946999085467,0.047376741665571286,0,618.8437813227858,1247.6875626455717
q6rrscscmhsz55wlwl3wzs6w,7.683211257540317,0.006737946999085467,0.039242482399264006,0,535.1306493976393,1080.2612987952787
c6t9r4lz3w364q4ccsr9rwsm,1.3030172622315135,0.08184139570543758,0.042244841691710375,0,629.3296876364911,1268.6593752729823
4hrc4hctz949v34w5lsqr4h3,1.247669704432024,0.16105412317310958,0.050222721770112846,0,710.4731951709934,1430.946390341987
vctlrvr63rq9564sh6vwzhlc,12.227689543775586,1.5987463959295294,0.0674026698367467,0,979.223828678839,1968.447657357678
4trl9s4rrhzcz56vvzt6tqw6,6.329219395833308,0.006737946999085467,0.07550368267604589,0,859.2828233479171,1728.5656466958342
4trzq6wqvzzqrt5qvvl6h43v,0.763347098856854,0.39507199760316947,0.07149024211608163,0,730.2307581470462,1470.4615162940925
46rz4vr6rw9wmlz34vtqr4w4,0.6966433795232555,0.35443780373048195,0.06663374765010853,0,650.7255595812697,1311.4511191625395
wht34zl96w3rrqtvlwll5rlw,0.717227854193927,0.16930001742760126,0.03965737073374666,0,484.9547601405026,979.9095202810051
vwtssqtrwqwlc6m9tvq356vw,7.954230642439827,0.006737946999085467,0.06651250660993521,0,697.6339385209221,1405.2678770418443
mttsstqm5m6t54tzq4htmt65,12.107177072637244,1.217318096794752,0.08506256315457172,0,987.9856061386529,1985.9712122773058
4cr3455hhm4ht3rlm9zq443w,2.0291954829136465,0.15623190318998934,0.04969282669914848,0,658.4266233055829,1326.8532466111658
6trvccqwq45cr5l4t65lltq3,9.107281963531507,0.006737946999085467,0.04826045324849795,0,676.3960826083185,1362.792165216637
46r94qqszcz3ssr5s4tqc4c6,15.037459717551023,0.113744915980895,0.06449716894539743,0,904.8533886472155,1819.706777294431
9ttqrrtwhr554446qrrvrthr,0.8550967866191724,0.4134213672596354,0.07661286762648081,0,844.8407211437409,1699.6814422874818
4qrqqtzwmv65qc54lhs3z4lr,1.148803580479011,0.03461387029359779,0.03585844123565585,0,550.1989572153622,1110.3979144307243
3htqttqw6vh9hqw6m6vhcqr9,0.9576867012234119,0.24776841087537416,0.0600800240659901,0,773.148276784194,1556.296553568388
4lrcqms5vsq9hcsqwrlwv4sr,3.913194619059749,0.006737946999085467,0.052292474915902096,0,583.016787047808,1176.033574095616
96t9cs49v59z36qrmmhq3lz9,5.888897949209927,0.006737946999085467,0.043526196899026315,0,519.5012236582717,1049.0024473165433
6st5tr5qqw596q4c6v5ztsmh,9.262624065477372,0.13147357049231884,0.055849415055941445,0,697.4159851510924,1404.8319703021848
45rhq5zv3s4qschs6vh3r4mh,6.65420863402951,0.006737946999085467,0.06527858466137126,0,838.977599853607,1687.955199707214
43rcqmml6rvslcrz5h6st4tr,1.1000893892977923,0.10670549234544272,0.05011010771798904,0,751.2463215271356,1512.4926430542712
94r3mqlswqq5zzc5qm3w4z5m,13.332327686911391,0.006737946999085467,0.04925122482790006,0,729.4227374687819,1468.8454749375637
4zrw45wzhhczs3rwq33qm4q4,0.869034688658129,0.31375333130154304,0.05413831869701013,0,723.8242353333446,1457.6484706666893
4lrm4mqv5czl6wz3hm6cl453,19.72700936025726,0.006737946999085467,0.051971378244919694,0,545.9393878818929,1101.8787757637858
vvtlls4qh35556v5zmq4vmcc,0.6579832396031191,0.43405688429457556,0.07324084049985305,0,687.7762222344716,1385.5524444689431
4lrqqlzvm6crwv64ls9t54h9,0.5775986249664745,0.4421719466880481,0.08228452257693472,0,760.3120862982086,1530.624172596417
46rmw64l6c5cwzh3htmqhw6m,9.634700236323836,0.006737946999085467,0.05776046265838618,0,759.270171584131,1528.540343168262
4lrt4zl5w9s56zswl6ssc469,14.14512927904157,0.9948687399682018,0.06334780634510798,0,862.0899379093044,1734.1798758186087
vqtr33tzh9swz4zzqszm6zwh,0.9451849544963213,0.2727717106312013,0.06523859250754287,0,771.9694660753194,1553.9389321506387
9vrzllwvl5w9r53h69zlsvss,0.8149151695968018,0.32365740194837583,0.06444196738501823,0,784.9758921842429,1579.9517843684857
45r64ssm4hc43mcsh94qh4zt,13.90016818670485,1.0663932072287898,0.06281913069996249,0,925.732019210897,1861.464038421794
9ltt65m9ttc3h64t496lcclm,0.8412812644643066,0.35804859704864056,0.07649619361376093,0,810.3240050281829,1630.6480100563658
h5rsvsrhs9hr3zhtwvv6vqsl,0.6929550477569878,0.38181907871956183,0.07347835615639464,0,807.9752177663199,1625.9504355326399
4lrv49cq333rmlqvhcwqv4wv,9.407595487883857,0.9252918286819145,0.05531731018699233,0,764.9563006389067,1539.9126012778133
46rs4sh6svlrrmm44z9q649w,0.8776640435368188,0.3868802868285649,0.07400203699756619,0,777.010399065952,1564.020798131904
4lr34mw936t9wwcqvh4qs45r,13.552067698651499,0.613928602903939,0.07944146048529946,0,945.8665328817817,1901.7330657635634
vvtqrhzmqrv35665sm5lc44z,0.6733804708818523,0.11924283502393336,0.03496686812470516,0,500.24185582948587,1010.4837116589717
4rrzml4s4ch4s5wt55r5m5h5,19.105977040141273,0.7063402537176713,0.06283550227690991,0,739.7331259852265,1489.466251970453
5ltmc5qz965m56z3h656v3wq,0.6683104319327526,0.47124736249007126,0.0828873964037021,0,693.8868680581769,1397.7737361163538
slt59lrmm964h46mcmsw9t9z,3.8230330298928745,0.09709634921448146,0.051029272489441876,0,637.9199457910474,1285.8398915820949
4mtzrqsqm5c6r4rcw9lsq554,16.24008287363861,0.4763143895879426,0.0556488355336754,0,781.4032597576804,1572.8065195153608
4hr34qm356w563wlh4vqz4h4,0.6741601960410646,0.1811912774276656,0.04167418285202107,0,708.7633136742575,1427.526627348515
4qr54wtr495r9cqmhm4qs44r,15.62417345104947,0.5998148195854852,0.0631849156542135,0,820.9299225473318,1651.8598450946636
3zttqhtlrcq636mqw4cm3tm5,0.8400176196219777,0.2943554444633416,0.06735680042653604,0,829.7590662658038,1669.5181325316075
w3tq4qsll9h4v65m55hcv6mz,10.451257157348584,0.5615936098201058,0.0893634689605095,0,1021.0005463242684,2052.0010926485365
4rrhhchw4ll34zm5mz3tq53w,0.8317089979334861,0.5242773798592089,0.09893584626407567,0,771.8110527609936,1553.6221055219871
w5tr6c53h9llc4mlqv3tvcsq,23.859939957255733,0.28791278389162317,0.05108755307656919,0,617.8062336589572,1245.6124673179145
3qtvmt6tch9rrqvlrhslt5v9,20.832931809489935,0.9264983777551442,0.06342877650419339,0,930.5263275250973,1871.0526550501945
slttzrc5sr44m6tstm49wtmq,3.8947588261763464,0.19714543658927797,0.050819171185295164,0,637.6572024829898,1285.3144049659795
q9r6zt9q4mvhs5tqlcstwqtc,9.010465820937263,0.006737946999085467,0.06889944040257509,0,869.2868537744519,1748.5737075489037
qwr9999slq63tzqzztmzzhwz,9.250259371837927,1.0819324039347387,0.08190263462730504,0,983.6832646979443,1977.3665293958886
zhtl6zqhhtvs3654tc3s4c5q,4.76780607865312,0.05770042394815446,0.023350435216206947,0,396.66463100913654,803.3292620182731
3wrqt6rw6mc3zc5tcct4vrqz,9.124207523883298,0.008688347540957575,0.047907316468218344,0,646.8874442809413,1303.7748885618826
44rl4qwvqtzttlz55qtql4mr,10.752234358269412,1.563769480252731,0.07768507155972841,0,1017.8627052237305,2045.725410447461
lmtm9h4qhrqm64czwl53s9zq,3.3937405098006086,0.006737946999085467,0.04356863075019759,0,546.8223823450287,1103.6447646900574
4hrh4cmr39h3l3q5qlqqr46t,2.2478044233457357,0.07117688181344449,0.051414528832892575,0,644.2514587138329,1298.5029174276658
qcrcz3qvztrv3zstsr5czw43,0.8875900707440092,0.3756365701300848,0.07250869098266417,0,808.1941962009776,1626.3883924019551
qtr9v33qs5ct95r6ctc4thcm,10.54298774775647,0.006737946999085467,0.05889155948038799,0,699.2462254944496,1408.4924509888992
4wrr4th9ttcmllmhhlmq546l,13.148662796041407,1.4751858446323354,0.07047679062624504,0,991.8341206828162,1993.6682413656324
q3rwz4tmz6ttrzrz534zql5q,1.9272967591271046,0.006737946999085467,0.05177249263410866,0,643.4227428851906,1296.8454857703812
6ht6sw4wzsqw6q3t45lcc54w,0.8006167619142656,0.3286426413538063,0.05341922005178606,0,588.9206752954371,1187.8413505908743
93tqssmr34wvz44m9c9vz964,3.007119653503228,0.07786650458063193,0.0604556015443639,0,742.8905845317199,1495.7811690634398
65trh56cm6c436tlsqzl369v,10.708079234895976,0.7447366502235113,0.06176430030499713,0,777.4071350959238,1564.8142701918475
wvtcc56zmwwsm65636r665s3,1.2364581904937262,0.006737946999085467,0.04104138794166177,0,512.1474590110467,1034.2949180220935
q4r3zzt699vs4zv99ls3wsm3,8.8863982042567,0.7460301485244833,0.06553343257707014,0,808.9211781513696,1627.8423563027393
3qt6t9wqt4rrc493wwthcvhq,18.704827103954493,1.068807728478665,0.0684564034623377,0,899.1056202067299,1808.2112404134598
rhtwhq6lv5r6c666hq5v4wql,0.6999080606017332,0.5501266420178499,0.09860891583247014,0,749.8558627181719,1509.7117254363438
vvth36wmw4rv346hh4lwrs35,0.7470121223048034,0.3951977866183162,0.08034679018674373,0,883.4844203344524,1776.9688406689047
hqt5654tq5lls6tslr3qlmhz,1.0808416380967185,0.006737946999085467,0.03400601266524484,0,401.0522815766373,812.1045631532746
llttlcwvlwt3rqvlt9hlqwz3,2.662869629785063,0.04535688153433601,0.0554382906728685,0,606.2069311570547,1222.4138623141093
s5tzw343vltwrqm33953m639,12.224922840471542,0.9653480860152885,0.07557044680223679,0,980.0545699906052,1970.1091399812103
3htl5zrvt39mz6q53c4vlqtw,5.74921633964838,0.2860219330473489,0.07390921778563109,0,814.7547314852142,1639.5094629704283
9rt9lmh6csv6364m4mrhzhtr,0.7416517661824599,0.45273196451633524,0.07288666307328687,0,625.9050425712205,1261.810085142441
rmrzsw3v5693654c56lcqw5m,0.8103843869300653,0.1405562449070038,0.03931281314733901,0,552.0294163354329,1114.0588326708657
z9tz6q9s9t963696lhh3rlvs,4.060426312149299,0.006737946999085467,0.05928656342234821,0,592.835550593867,1195.671101187734
44r94955zh3wvmhs95lq34vv,0.9250823208523594,0.061128566251837546,0.03361570017201852,0,398.08208567259913,806.1641713451983
hzrrmr5wvqtzh55cl3swl43m,1.5140643184405085,0.006737946999085467,0.0383015916624243,0,511.74158921819696,1033.483178436394
tstqlt66mtv536mvcszslmsl,0.6971231754797729,0.3958688091253961,0.06878794537572921,0,686.1447473163412,1382.2894946326824
5rtw4zwvs4vzm6hwhz999m5w,11.262661607171907,0.006737946999085467,0.08493130617718096,0,980.9658641719861,1971.9317283439723
3rt4slzss5z9s6qrh563s9t9,0.7504490823242489,0.11575595986641102,0.029653227847716318,0,432.44891750745063,874.8978350149013
4wr44mq5hzc44z66ws93zwws,0.7383199090112886,0.40519504551327595,0.08252264971042983,0,822.1424950137663,1654.2849900275326
4lrw446sv3cvt3lw5cmqc453,0.7450721386340837,0.4443948463721343,0.09219741150146726,0,834.1518154589992,1678.3036309179984
4vrt4vwscrw99vw9tq6qq4q3,0.9306141394076053,0.3765226782750377,0.07747084619936268,0,822.3334121637913,1654.6668243275826
96rqlzrt3qt655655vqthq46,0.9039180018662487,0.39134928616042486,0.07901698782187228,0,855.7923620612675,1721.584724122535
49r5qzlq695ssvhzz639l4zl,11.06750373238046,0.7438037594641781,0.0859360329543906,0,993.4438654856945,1996.887730971389
thrqhz49mlml39mczc356zt5,1.5155715367146376,0.07319686324799128,0.049403285567643104,0,628.6031424628039,1267.2062849256079
4wrrqltv3qc63cr36ss9t44v,3.336492347757721,0.1193747186567496,0.06269626570245958,0,664.3955187985475,1338.791037597095
r5tmvlqq5swthqc33v4rht9v,11.374842644555352,1.1375255677383678,0.06638763717444368,0,740.3876339320816,1490.7752678641632
mcttz4c43rv3c6qlhtt39qrt,0.8050990854802023,0.3642503682915049,0.06237849277002284,0,682.9445683879969,1375.8891367759938
hzrwqszw3s3z9z4h4h6tcqr9,11.195848224792115,0.4332677795525273,0.04769773890269823,0,880.0691782280716,1770.1383564561431
44rq436t66ws6c9hrm4q644r,0.7950761868636105,0.39505741993297594,0.0762775799380398,0,795.6364467694432,1601.2728935388864
44rl4chzc4h9z5tv9m5m54lt,0.6769498840160615,0.3061030533844803,0.0642479646720015,0,789.6100536382852,1589.2201072765704
q5tr4rszq6ww6hz9rhz4rv54,8.885239241340852,0.4747194433987498,0.05293348067564081,0,749.001821322883,1508.003642645766
9ctscqv3qcz636495cqr3lhr,12.823061153434871,0.7613062874108175,0.053410009300244574,0,828.4943939134989,1666.9887878269979
4zr6qlwm4shzmvq646qw4465,3.9264790177585867,0.45278767052058955,0.06640627606135868,0,797.084747990486,1604.169495980972
49tlmvwsm59sqhrwlwcq6s9v,8.049418114394062,0.006737946999085467,0.050853931481947834,0,549.8162490492488,1109.6324980984975
q4rv6q45qs9cmcrq6mqw54zz,0.7561492638152645,0.3622849416376135,0.07349105808422207,0,781.6863101438327,1573.3726202876653
9zrlcrs9mzqc6z9tstv35l4t,14.244386441467883,1.202566976075871,0.06810722310106954,0,968.345560102234,1946.691120204468
43rm4vqvcrzl5mcq9rzqc4vq,0.6379617500871599,0.4582701196946993,0.0791924213736849,0,666.6676978106583,1343.3353956213166
69r44l5qwqhszz9rvlwmmhqz,2.660732127461608,0.25074441033834455,0.051277318736500446,0,663.5849455745619,1337.1698911491237
45rv4h494tm56lw9ll6q54tc,5.808314493652384,0.006737946999085467,0.06098107961345371,0,744.8063135291234,1499.6126270582467
9rtvc56ssclstqsvvcs6r93s,7.1246196910731685,0.9741747963075409,0.0731699746814854,0,900.8413560708454,1811.682712141691
zqthl6zw9rqtv6qhvvwc3zwr,0.6499946107635253,0.3180601888053022,0.05109965239150978,0,553.0589313865527,1116.1178627731053
cqtchr9rwc6ms6qm6cm5zscq,5.629223301396088,0.32002709970411614,0.06342354538998532,0,767.3984212990599,1544.7968425981198
4srtlqs6wv49tzrmqhvw5wr9,9.723629534764791,0.36007132681891585,0.06702971767994385,0,861.3368369845356,1732.6736739690712
q6rwrv6r6rtrz5r5tc4sht3z,4.206578702838714,0.006737946999085467,0.05425899544010666,0,655.2954890672022,1320.5909781344044
lvt3c694hm36s6rzctv9t665,2.5327557131233562,0.006737946999085467,0.04271739948812574,0,631.1043289914787,1272.2086579829574
4crh4c6l3st5l36ls95qv4m5,0.6568988906239238,0.5257891763710199,0.10535262858753806,0,810.4039634176575,1630.807926835315
6ztvwcmcqm6lv4q9ll995mvz,16.601122473903928,0.006737946999085467,0.04157324119528837,0,726.1240885662627,1462.2481771325254
hhrhtlwvm4qm95mzcllctlv3,6.407745708148885,0.006737946999085467,0.055116918844496376,0,665.6275769015097,1341.2551538030193
4srw44zh3vsv3mlvlcvqt463,1.1054754135441889,0.3025892328675465,0.06455827370880313,0,760.1777530248435,1530.355506049687
4zrl4thcltsrvwmv465qr4sv,12.911380585763839,1.1698973547713334,0.07830410647139774,0,889.4407640166613,1788.8815280333226
lhtl6whv3mmvtqws6zwvvwv6,0.8013803882366136,0.3834948456613466,0.07061963063912766,0,811.3603825326436,1632.7207650652872
rctwsh5mt3tw94whvsc5wtrz,5.3097037694476,0.006737946999085467,0.04841711816440236,0,566.7091097936502,1143.4182195873004
6crw4c4rllt6q54rvllwrrrr,13.58828892281143,1.3441376260064695,0.06466619507652797,0,1027.639991778001,2065.279983556002
tqrszmtrqqc6vcz9slclt9cc,0.7904956322183311,0.15720070284935317,0.059062021498753545,0,842.9396057089216,1695.8792114178432
6ztv6wwvq9wlm65hz69vcr3w,15.75956137143866,0.3621101339162279,0.05299341366471061,0,770.7447423148682,1551.4894846297364
t3tch3svmvz69qs9lrs6tr4h,7.4653040532977215,0.006737946999085467,0.05271035353347677,0,641.5321601036114,1293.0643202072229
4rr5qw4tvmmt3cqww3ltm4lq,1.0736235503341878,0.040268275125296876,0.040567969446739,0,605.2434024647077,1220.4868049294155
4trcqqs9rw633vmwlzt6w4tv,0.6049350986191251,0.30544707761533263,0.05799414141524041,0,806.594669247552,1623.189338495104
6qt4rqztthctc6qtqs6zhrmc,2.2221626169449316,0.11468296347435086,0.05245774093060396,0,700.5603750645424,1411.1207501290849
4rrl4lqvqt3lmzrm3rvlm433,0.754647378759856,0.3975342423241973,0.07629235239466156,0,769.4490298644672,1548.8980597289344
4lrv4zz99vmz5t9lzv33l4qq,7.852751728052659,1.059792829119664,0.06811753705676055,0,856.619621533197,1723.239243066394
43rl6l36vws3vc9cczc9zv6h,5.282145618910977,0.006737946999085467,0.044424201233020655,0,695.5914252461401,1401.1828504922803
qmrq63c5qwq5z53l5hm9rtv9,21.66095716928398,0.5180657467832634,0.05651580150959465,0,815.5533354579467,1641.1066709158933
5lt4cmz4cl59qhr99w49l63z,0.8868239374473548,0.3735708391188628,0.06911822152406194,0,722.4982933928142,1454.9965867856283
rctr4rhc5hll56lswmvlzwrw,12.02043845630157,0.19265947228108982,0.06279415808298888,0,734.5482030822328,1479.0964061644656
49r54tmhl5wwqm6w654qh4zr,0.8989823017379677,0.22275745006649422,0.05160662012264043,0,751.3203431953683,1512.6406863907366
9htm6tmc9mzrhqs9vqv669t6,1.1793967099861216,0.12931985367921994,0.036811094032003486,0,562.3042034297847,1134.6084068595694
4srl46vzrhw6tzwtrmqvcml9,3.263259946982952,0.07273218031472713,0.0448592538846764,0,694.7481543836293,1399.4963087672586
43t3t65mmvhsh4w6whmw3l9h,1.3270116931601654,0.05262253335332551,0.038246628433151963,0,616.5515143471442,1243.1030286942885
49rlqrccqvth3cv5rv39z4zl,6.531747827648859,0.15981454758402908,0.0551317494666439,0,702.9452758892392,1415.8905517784783
cctsqrms9r3t6qql49lc9shw,10.610853936248581,0.6073414931884398,0.05195280327815775,0,697.7953601787384,1405.5907203574768
4tr443sw6qv633c59czqv44q,0.8380475310905109,0.3062554958187719,0.06157703453177375,0,775.0721912697634,1560.1443825395268
96rh6lv4h464rz9t469mzs63,0.9723003946227442,0.14230610054906678,0.051243141605209847,0,689.55094294137,1389.10188588274
4vrsqrv5zcss3v4lwh3tc4tl,12.833914243217961,1.0328518581298904,0.06806539952733687,0,940.0305310435408,1890.0610620870816
qwt4q5mcrc3qw6zhh5tt49mv,7.277367933075038,0.7969350805219013,0.06800746801508106,0,831.1080236829496,1672.2160473658992
qrr4ht3vvvq5wz43sthwl4vv,1.2536972459817664,0.006737946999085467,0.043259794552018255,0,533.5515556072048,1077.1031112144096
z9t34chll44cv6lcvsl43wwt,12.117896920482197,1.459419929866344,0.05293712199591538,0,898.4812989247341,1806.9625978494682
33ts3qhtcwvcv653mvwqqttc,1.185991272161276,0.006737946999085467,0.03202168966140953,0,548.4044452664803,1106.8088905329605
4zrz4vcsqc4l93rrh3cqc4vc,0.7063839660187294,0.45556071985245405,0.07123033211951518,0,619.2625222858468,1248.5250445716936
4rrm4h9l54tl9mc9ztcqs455,4.587441988147639,0.006737946999085467,0.04659155995797419,0,558.5294423050847,1127.0588846101693
w5tww6t3chm9rqhlhql5l4z3,0.6194745836483292,0.4604555274655912,0.09378088206388616,0,824.8512697617332,1659.7025395234664
44rcqlz3qzclmtlhtq3qw443,4.387876210853412,0.1944895126654786,0.05308392597648817,0,800.9384238259695,1611.876847651939
q9r6m4z69lc9rzcvv4czvv4l,9.140250557536467,0.6075453856042844,0.0663359895386208,0,828.05497788738,1666.10995577476
4qrw45m36s6h9mq6v6lqh4rt,1.0995246354388244,0.22643371156168474,0.06655166032093832,0,860.7152177365168,1731.4304354730336
4lr34ls3h4m3s3m535cq9443,13.973660507342668,0.9004755285321829,0.07251316611743788,0,946.075755784547,1902.151511569094
c6tvsz3vqmtzl6q5hzlqlvq9,12.588669990193708,0.35040579432992014,0.06806850403732265,0,948.714100000557,1907.428200001114
9sr6wm39rvl5t5whttwzt4z3,14.540677517600976,0.39232359519527593,0.06779578094580399,0,982.7520742498932,1975.5041484997864
99tzcwct5chlrqllsswr36v6,0.665624440661678,0.4389301973445625,0.09145994254990741,0,836.8371145889205,1683.674229177841
qvttzvs5l9vqc4369q656mht,0.8179993191283131,0.4300649531008396,0.0887026437144143,0,825.7133099695994,1661.4266199391989
c6tmlr3swr3h4hrwtc5s9w9w,1.488921228333909,0.11396917425062247,0.0506327728949332,0,661.9841711143929,1333.9683422287858
4zr54q9v5t3ctc5hrtlql4sl,0.9966719033062896,0.15839848412716956,0.03941456636758574,0,608.3275370662627,1226.6550741325254
4lrqq463qc36tc65l39rh4q9,1.9224779458457646,0.006737946999085467,0.030788350389424658,0,457.903670160774,925.807340321548
4hr6qwvshrqw3cczv6twc4t9,18.300230504582515,1.7708019913793165,0.0638639927649268,0,960.3492804378714,1930.6985608757427
4hrh4cwtr96333q5qtsqc4ct,0.7667311634829167,0.48304922051448795,0.09246989811673162,0,792.6147421062849,1595.2294842125698
6rrzwssvrrvt55sv9m5tr35z,0.6467994300367769,0.13704560380116443,0.033131342412423465,0,417.2638936709799,844.5277873419598
l6t3hvh3z39zqq9svq9sm5mv,7.882716132052178,0.41511134111803794,0.06234894914308522,0,877.8379180660124,1765.6758361320249
9ttwszmrwsllq4rcz9t9wrw9,1.4870269193642893,0.006737946999085467,0.033534431433612275,0,480.9546323164057,971.9092646328114
cztqt4czl56hm65ws35zz3sr,1.2240732090551254,0.06036427171347361,0.02523109506280213,0,566.0135297482689,1142.0270594965377
4tt6zcllr9vlq44hlc3m6scm,1.3342888972304368,0.22162454887785496,0.04590257487269618,0,582.9929673586903,1175.9859347173806
vltsvcstr4vlv69c35lrhrsz,12.228226278279891,1.1153958243005193,0.06581774677725241,0,948.4962045619714,1906.9924091239427
4vrlqrs33966tcv49s3ss4v5,9.609291897019409,0.4395411633818459,0.06040618679144626,0,837.3720613506616,1684.7441227013232
q3tc4hl5sz3tqqr333545zcr,1.5701955054132632,0.07542213287577833,0.04633997937737623,0,559.3952959072714,1128.7905918145427
wctl53r5cmt5m4rzrhq3vv35,0.8117547658967283,0.4184940207276969,0.07542519816336563,0,758.089219292782,1526.178438585564
tct9hzvlsww9l6twll644rm4,0.928827168209401,0.13378495034051785,0.04666435161095611,0,625.0603891823948,1260.1207783647897
4vrh4zqhsh5hswqqsqrq34ll,15.542903925617061,0.9228342707972597,0.06022788957673913,0,820.6288465950413,1651.2576931900826
4rrwscslsr4slz64r4qvh5lc,1.3985236742372442,0.006737946999085467,0.043158965517288886,0,689.7530414125962,1389.5060828251924
tct4rmwvl6v4z6th3cqrm9c6,0.7245572774985599,0.38536089229056597,0.06772463200002665,0,714.2578221119439,1438.5156442238879
4vrc439hh9s3cs9zmhtqz43q,0.7420404903916737,0.4200353969769707,0.07680092478250411,0,732.0869335674922,1474.1738671349844
4zrt493rl59qtct5w5zq44m6,11.845290805441344,0.03684061924360519,0.056395175824021364,0,786.204338648906,1582.408677297812
4cthcwrwzl9h94c6q4l4t6mv,11.042163838631362,1.0252258962038239,0.07976901388426857,0,971.45360559409,1952.90721118818
slt9sllscwcsc45l94z65tv5,10.787716569924159,0.006737946999085467,0.049571425399374834,0,645.0626970504736,1300.1253941009472
44r5qs4v36twrtcl3s4qm46q,0.809114501966083,0.29753778950205356,0.05398939308940002,0,819.8465918903,1649.6931837806
vqtql6sttwwhl4src4qv4t49,13.545634006831097,1.0188884481901408,0.06728856072620204,0,865.2682277466552,1740.5364554933103
zlt66v9mlw9r34lq4rsl6wqh,0.7342242796834351,0.41263099463695807,0.07173482219665679,0,701.2218993007658,1412.4437986015316
69t3zlc9crsc54qzqzrzr69c,10.703441582570672,0.8459546896500159,0.06085311591010048,0,781.6625866351907,1573.3251732703814
wztmw53lqwh4qh54vr5lw63h,0.7330044695434386,0.4367029652753909,0.07518986086869782,0,677.1875160146174,1364.3750320292347
hlt9zwlm65lz543svqvtzzhm,0.6672530226226987,0.41844471736556754,0.07889516666102858,0,776.193257556725,1562.38651511345
4zrwqqm6rtm355w4mvr56z69,8.663082845255142,0.4407526178606528,0.07178917208286248,0,843.975787288237,1697.951574576474
9ct6zsmrc4th4hcww9999h6c,7.527465759006909,0.6328039718509304,0.06653338607887105,0,841.6701440433588,1693.3402880867177
qqr9tscllc45z5q36r5rvtqm,12.786131131294546,0.006737946999085467,0.05959181358365358,0,799.9371215129548,1609.8742430259097
5htq4t4hwrtq9qcrvq9wzlv3,13.636690829407822,0.9339555913193502,0.0720559579335245,0,879.0647845432975,1768.129569086595
4zrm4rrl3tw3qz96htrsl44m,0.7535341202501562,0.44517195468064047,0.0780319986614995,0,686.7042400817668,1383.4084801635336
mztq6sqzrhq9w6hqrhlr6lvc,11.046211637122559,0.6595522919424479,0.05921992262540865,0,838.7263297946171,1687.4526595892341
trts33srcw4z9q45sz63shls,0.9537512199216207,0.2319250964804567,0.05326936863775949,0,741.8634147537468,1493.7268295074937
h5rcr3hcm3s3cctcrhvzwvmm,0.7055703647851461,0.14075558683362138,0.0326015272013223,0,489.7632495449073,989.5264990898146
lztrv9w44596hqrc3s53666z,8.890817260028932,0.7159935982998605,0.07348549721649296,0,878.2690533186714,1766.5381066373427
m5tv5vlzm4zc566cztml55mt,0.7436879723346144,0.39704308799951243,0.07551596940493596,0,790.0373845914504,1590.0747691829008
3ttw45s3qvmcm6lhvcrcsc6w,4.164412259231906,0.0840204903594159,0.04969031836851399,0,725.0487949318178,1460.0975898636357
rttsv36q9s6444c9m9zqssr4,11.74424448271467,1.2341927967415176,0.0643289778911951,0,974.3410227981283,1958.6820455962566
cttl9tczztq3qh965m9vt6m9,3.0238724985587186,0.14225763342542608,0.05917611678702457,0,698.1073322495641,1406.2146644991283
srts3qzhqvshqq66q35l3wsv,1.5694119881914839,0.006737946999085467,0.039529151140642094,0,621.7917313176014,1253.5834626352027
4srt5vl4zqzms5tz3mcw5twq,5.610839215532027,0.0505467584946727,0.041271979880987374,0,655.5574671142194,1321.1149342284389
4wrm4vsh35c4vt6vvv5t64ws,0.5386584146653808,0.08180247135839533,0.04122952995575943,0,781.405560095812,1572.811120191624
4rr444wt5446swqtqmrqz49h,3.044153981524013,0.16194732495729025,0.05467797489934892,0,662.5131312215236,1335.0262624430472
46rw4zhc5hw4qvrlsc9q34m6,0.6932189530977775,0.4925020434275633,0.0927487366096171,0,757.8368583242718,1525.6737166485436
z9tr9lmwtl9ztqwv59qsrw6c,0.5307856858551763,0.9943398751845063,0.23931400108717577,0,985.2905746108929,1980.5811492217858
6crcmzzr4r3zh5trl3vchzzq,8.308211275468315,0.1498121396133481,0.05978630586260991,0,707.5407435990016,1425.0814871980033
5ltrht5vrmszz66t6mq6q6wz,3.01776442530889,0.24720894880374528,0.05899889331965724,0,709.3321446528882,1428.6642893057765
c3t494tlr39c4hws6hsmhvhh,2.1224961099317037,0.006737946999085467,0.041831798512042676,0,530.3457466240435,1070.691493248087
46rc4zl46v35sch6s3vqv49l,1.6452969579508308,0.19711522898187,0.03758445957177955,0,512.2996539763645,1034.599307952729
4rr5qhrlcz64wvv5m9s9h4vs,1.1806216565387349,0.21774162256250065,0.07015538782615802,0,928.4465039527296,1866.8930079054592
4vrw4z4swhw46vrlshhqc4ch,13.388079122253043,1.393176592070144,0.07098375279972614,0,921.5756369947212,1853.1512739894424
httmcs4cwhs3c43mmtsz696z,0.479888800113012,0.12765936007095524,0.030228946708370195,0,635.8008428719918,1281.6016857439836
55tq6hv3456r6qmz93l6mztr,0.7459884796852284,0.4358087979614859,0.08416287312735127,0,760.9956250274416,1531.9912500548833
hvtc994r6wcwz46s5vsvmwtm,9.987650350027334,0.006737946999085467,0.044890432034347394,0,734.2359770877316,1478.4719541754632
69t9trc3cwqz36lltw3q4hcw,6.569065552424005,0.28085611767405416,0.059493410166920294,0,777.9693234402507,1565.9386468805014
hlrlhcq34wvqqzhm94334t5w,11.340116403500275,0.006737946999085467,0.06519188911067005,0,937.5308463656243,1885.0616927312485
9rt3zmqr4596t4v339m3q3z5,0.729213931518204,0.38210894799304485,0.07035642910459411,0,686.6806167597414,1383.3612335194828
4lt3zst5rh9lv65qch5c9twc,2.0973287346201124,0.006737946999085467,0.05969217137511109,0,642.1906983894735,1294.381396778947
44rh464565trztz9s36m94w3,0.7360477995639765,0.376073047588556,0.07048272027652905,0,759.0646294482148,1528.1292588964295
twtql996czvq6hhcr6hrs4s4,0.7304766105524176,0.4108175964065666,0.07835769730324274,0,725.5692061350094,1461.1384122700188
4vt3hh4tvlzmv4m4lwl34s94,11.9449506941468,0.5087657962383328,0.07339959697621365,0,948.1568765377849,1906.3137530755698
6stt6r9wh44v44r34wvc5lv3,0.821209072709752,0.4223845401444606,0.08442564999352581,0,813.9896357039424,1637.9792714078849
q3rs6w3tr4tw35tc6h93vvcz,15.353325854698681,1.04208230970255,0.07025229220033263,0,995.4386060909566,2000.8772121819131
q6tscv99ltcts64svvrch4qw,2.363306355388146,0.1449733239624184,0.04020074381585914,0,558.1924095099645,1126.384819019929
vrtcsmvszrq4v6twwtc6lw54,0.6462255901694876,0.2567497386206341,0.042824364796312284,0,629.0633884751335,1268.126776950267
4qr9lm6t3s46rz5z43q4qr49,2.43477836606948,0.17364243907343657,0.05309982983999887,0,704.7620640191462,1419.5241280382925
vttlvmzzl5zw3643tls54hr4,0.645169965763269,0.2950784710534905,0.06480933080145049,0,753.9808341427915,1517.961668285583
9wrv3lhr9vc64z6q6vmhch5r,17.261623380561197,1.2017602867234314,0.06603850134756786,0,902.8786419935303,1815.7572839870606
4sr94hrv9mzvstchhr4c4465,23.800706302040375,0.006737946999085467,0.06465995947389147,0,747.6325025851038,1505.2650051702076
4rtv9wt539tsqhml9m9t5l5c,6.441627951678738,0.07481720694601318,0.04944275300047217,0,615.6659055530499,1241.3318111060998
4hrtq36t6shvscs9tm5s44wh,1.635718738450238,0.006737946999085467,0.0261907253300637,0,543.1601532446931,1096.3203064893862
zht9rwvr3zlcz6q5lsmcrzrv,0.8182758841971007,0.36831089645802817,0.07737795599844435,0,847.17986526957,1704.35973053914
lht59vml53stl6t9356zzlz5,0.9223404630070673,0.3487411447862947,0.06934963157477624,0,827.7933863669646,1665.5867727339291
4vt64rh649thm6s96c4hzlrv,0.8176589272280734,0.38251536648557594,0.07737750620077255,0,819.5030115033785,1649.006023006757
3ttzcctzwww6qh5m4h3r3s5z,13.763977022350542,0.006737946999085467,0.06065394761124185,0,884.7986956027323,1779.5973912054646
4lrm4543srss53l5c4cqw4v4,0.8317290379117914,0.5070062678112899,0.10390164577858288,0,847.5455777427594,1705.0911554855188
rztvsrll3cztm4rzsz65lvcc,0.8407536077854263,0.40700079641269976,0.07259311448436659,0,720.1892531257553,1450.3785062515105
4tr34c4q9wl35wsvcq3q5464,0.7849321975601795,0.38059036809141855,0.07067411443170694,0,770.7667652311563,1551.5335304623127
99tvrzs69l3ls669s6tczs5c,8.926518800967486,0.006737946999085467,0.05182110615049704,0,703.0538256540267,1416.1076513080534
4vrzqzhv695q6cq3hzhsw43s,1.56391105407402,0.006737946999085467,0.04721125207234618,0,622.972282945642,1255.944565891284
qwtstzrvz4rsh4lw6s9vsv4s,0.8604148314451823,0.2866855640047582,0.06425649144800952,0,781.6485615778057,1573.2971231556114
4zrt4cc4c46qv3rvr4sq4446,8.119523222834246,0.07237566793820752,0.05818493233676783,0,792.6502597312628,1595.3005194625257
vhtq4936cz6tm6v4sh3l33sz,7.709326631965053,0.006738475044053664,0.07283516661944939,0,976.7363400103271,1963.4726800206543
69tt3twmmrsl6h6t3s4lzs9s,10.353155872018863,0.09040907042389837,0.0653976169091316,0,874.4410397689015,1758.882079537803
99r9hw9r95tm5c3c959z953m,16.962870219742364,1.4625980664108975,0.061519645412528474,0,952.9425593734869,1915.8851187469738
m6tlq55m6vhhqh9cmtqclm3c,0.5198876268138128,0.5718006825714482,0.10013789130455612,0,715.108986598198,1440.217973196396
r4t3lwlrhlt9w66s6sv46h39,0.7413165712698802,0.3713623141940663,0.05464864120742448,0,511.861272898244,1033.722545796488
6hr65llm5rccmz45wwsrwrqv,0.6791815818173998,0.3273533464309938,0.058690510961627446,0,713.9620620104619,1437.9241240209237
4vrlww3cr9vlw5ltv3w4smrv,0.8162415053724665,0.3430240600733254,0.0713355550396606,0,808.5391539212267,1627.0783078424533
crtm9ss64cl64qcmq4zr9z49,0.8301543104458686,0.3457553524992104,0.06870755473468823,0,831.0822034513328,1672.1644069026656
qstcht3c36zvh49zrqmc64q4,1.788990074373224,0.04214823902293819,0.04099988029399562,0,528.743085885166,1067.486171770332
hcrm4s3rtv5l65scvvm6r4cz,0.9672208183120947,0.37725789666437337,0.06988419722403535,0,846.0974603404111,1702.1949206808222
49r5q9v95th93c3hmchrc4lh,0.8653422054934479,0.12157978534596739,0.040541531391225814,0,624.5025344016307,1259.0050688032613
4mrt4q4w56zm334qs5hqw4lz,12.277643858359383,0.4259581208581852,0.06063013562123151,0,804.163783788458,1618.327567576916
4wrqqhvsltl33v5ctmvrc45l,8.406633382133368,0.006737946999085467,0.057973824472964924,0,804.3821930457619,1618.7643860915239
4mr64h5czv54wmztmvlqc4zr,11.224962566335211,1.154347809635401,0.0557916281532948,0,773.8457413508852,1557.6914827017704
4qrt4m35qvvwzv9mhlvqh4s6,10.81082619727928,0.006737946999085467,0.047317646109202624,0,753.4599949790394,1516.9199899580788
qrtlqs5mlw4q4h6t4tzhzm33,13.566841161461827,0.006737946999085467,0.06184297778554117,0,925.5865830859716,1861.1731661719432
46rr4hmrzlvvwswrc9zqc4sl,0.7273246455855438,0.43312545488265225,0.07355395990788298,0,797.8879633741369,1605.7759267482738
mvtvv9lh6whmz6434mwq9vml,0.531186387219429,0.5895051139644256,0.10875475705984564,0,767.1730951303252,1544.3461902606505
4ht6rcr9455ww6wr5lv46mt5,0.4824400504138566,0.18937884784965475,0.05278951441353308,0,1029.243025313096,2068.486050626192
4zrc4646c3q4tm35lq3qz4tr,0.797310761381093,0.3866160829646015,0.0712078749539101,0,799.8588775828509,1609.7177551657019
q6r9lz5svl9r35tq63tzlm4c,4.735771678175876,0.006737946999085467,0.05067832593208706,0,616.8239442368724,1243.6478884737448
hmt5r5q6r4q464zctmc4chm4,6.7065966587866335,0.4333251090837914,0.06947283712351865,0,936.8042440398731,1883.6084880797462
tmt9l6l39s4wqhwzl3t55mvz,0.7205833908420616,0.22869788831392013,0.046789247743773535,0,702.1594357539336,1414.3188715078672
43rc4lw9w9wv35lr4qz3vwsw,4.467453550699684,0.1922799872943012,0.04317733118349352,0,556.62107968114,1123.24215936228
4vr34w3hvt3z6vttssvql495,0.7639879975128245,0.1493789338348184,0.04034714718292069,0,571.4792095865098,1152.9584191730196
rcrvrzh6ll3lmrmcz6zmh63s,0.7346374855796851,0.4057239818253915,0.08096579641768029,0,906.9130955190699,1823.8261910381398
mmt5c9srhzrc4h4v3rcqmzhr,1.2016026990971747,0.2104805496984929,0.043848146224481854,0,547.3080399079317,1104.6160798158635
4hrh4wc3rql56vz3969q54mw,0.7066517711225486,0.3758018984606868,0.07712873075506552,0,789.8616049194418,1589.7232098388836
hmtt56q3w3qmqh464mqz5sml,8.655102359927128,0.006737946999085467,0.04407153941102534,0,701.9893819353282,1413.9787638706564
q3rcwlwth6tvv594rczrw6lm,0.626435660225616,0.17314662166998956,0.03981233653311174,0,514.3187293959669,1038.6374587919338
4qrs4456w3ccs3m44m5qv4vv,0.835151489782748,0.38453807068444423,0.07072893013047056,0,794.8399773045408,1599.6799546090815
wcr4sv9qlvm4vzsl9hqzm6rw,0.7406571113737126,0.26675599542720463,0.05213479573975825,0,735.6933902084298,1481.3867804168597
qvtqz5z6mtt3wqt6z6lw3hmw,0.6640134879193047,0.4016558132308374,0.07484496755373775,0,751.6918331891447,1513.3836663782895
4srv4c6clrqsqzlhrwqlv4rz,0.7742522575955262,0.1366317579034659,0.032594206130435455,0,478.067947418388,966.135894836776
4sr54s5wrh4hh3v4r93ql4r5,17.907231667241792,0.9768427041294327,0.061226108247085076,0,800.4916240440621,1610.9832480881241
44rqqvss6czhrczvqmrrs4ws,8.66154076786257,0.006737946999085467,0.04664845371377255,0,810.8075955537493,1631.6151911074985
sst4mth6t9lwqqqqwqwc9c69,0.7545890570922097,0.4421704013106207,0.08675380696971627,0,769.5794725318684,1549.1589450637368
qlttc96t4656t4c549hv464h,3.5052668028988694,0.14389514997844044,0.04675013725238689,0,715.8415283155143,1441.6830566310286
wwt5t45zt5qt4q54vs9msc9h,1.2707360466428281,0.06078386929918079,0.02713563511614537,0,422.26586392141206,854.5317278428241
zqts4rqmw9lz94smmvt95cll,8.328846221172483,1.6270637981973883,0.07192478193473786,0,908.4509277572259,1826.9018555144519
wct5zwq4l6wmqh5vz6q44r3t,0.6993838869601605,0.1425809801937145,0.037257573418052525,0,612.4411115661355,1234.882223132271
srtwtw3msh6q56r4hq3wm3wm,13.668206133683752,0.006737946999085467,0.04577883187850619,0,553.4987715600032,1116.9975431200064
cmth6hw5l3srqhqts3ltlzrq,0.8143446461084105,0.46748121023481404,0.08957054467015987,0,765.1230892690103,1540.2461785380206
hmrhzrw9s9z6vz5vstvqqlzc,15.193842605402779,0.5176329781311869,0.057762812611203335,0,840.2431215103986,1690.4862430207972
4vr5t53hcrcmz5llsz45sv9c,10.963879894559316,0.006737946999085467,0.06357325082867549,0,753.0711885411729,1516.1423770823458
qqt56mr95vhcqh34cstc9vvq,0.7926517289969041,0.3818126210021886,0.07317728821772891,0,761.1413438114107,1532.2826876228214
qhthw4z6w5m6m6cmlhwqmrhv,0.8075522281681566,0.32558194809409885,0.055157871189330174,0,583.5574840128739,1177.1149680257479
w6rcqhwqccwmcchlhsv3qv9m,0.736998053072228,0.3264072270336575,0.05889447120691357,0,735.2274375688831,1480.4548751377663
49r64slcz9vz4s3h339qm4c5,0.8423488687721561,0.4153549974007299,0.08508705780575362,0,852.4365341149373,1714.8730682298747
s3rr5qm9rh4vs5r4mq3zrsh5,0.9922072268881279,0.1789307943297887,0.047099557792919994,0,667.5769884670043,1345.1539769340086
4qrmqcvtrvlmcrhlt394w4tt,3.0938599873079458,0.11938098804733353,0.035273085583637065,0,497.39487212231836,1004.7897442446367
l6r4ttq4m4v465wqqwm9l9rr,0.6579201613774626,0.13590978386960068,0.03838956534430386,0,705.483483546391,1420.966967092782
l4t5c46w6wh6s6vqll3lvvmw,0.27149094778759486,1.0066639149846823,0.18489415969443473,0,754.4370627806336,1518.8741255612672
wlt35w3lz66rh4qrzm9t65sq,13.052726735397798,0.19633048646056944,0.07516315474527457,0,844.1754166930253,1698.3508333860507
4rr6t39sw9m9wz6lwtzcl5q4,0.7886390809700097,0.27379461239915004,0.048848839796470804,0,679.2944564374015,1368.588912874803
cqt993zr6l5mv69sl95c45qz,7.448848925427865,0.03404477711784046,0.049487885208556195,0,645.3730382048731,1300.7460764097461
h6tsmmm3rtclqhw9qtc4rt93,0.8141321693440073,0.26592340430808215,0.048381548269641264,0,653.9165247561406,1317.8330495122811
shtmr5cvtlcml6hmwtvw4q5w,11.268538930865057,0.5998148137260193,0.06353369009433757,0,911.9933101829483,1833.9866203658967
5hth5w55wmzrv6qmtzz5h96v,24.328477144649234,2.064404763455146,0.06039225219114584,0,890.630613956108,1791.261227912216
h4twmttvqvt6945hz33zrm4m,0.6788132743671607,0.3936179362474033,0.07836344974924173,0,827.5572008145234,1665.1144016290468
4srszqvv9r33c596qt3mzc56,0.8448369114798799,0.31550330930344844,0.05811647584512605,0,701.6971919194559,1413.3943838389118
tztll3tr4sqzqh3rlwz4v999,0.7494555835375212,0.41344644538480246,0.0865637526766537,0,873.7851987665352,1757.5703975330705
4lrm465wmslzsvwqq5lq64mq,12.997828296045736,0.995563060927448,0.0658615216905615,0,953.7465461998589,1917.4930923997179
4qrc4lvmtl3z5lr53l5q94ts,17.99043980158193,1.4507073260089878,0.06376445699410664,0,878.5747004676169,1767.1494009352339
hwrm3m4tt6hzcc495hmthr9l,11.50827452953608,0.006737946999085467,0.05797658150643478,0,761.3589967398469,1532.7179934796939
6mrs3m4wmwc4c56z4zwhl3th,6.705590876187611,0.6793772812271534,0.07062887516673255,0,880.0433468169956,1770.0866936339912
4srlhmtvwvmm65vvrwsrrm9l,21.567264986686183,1.54844325811476,0.07055169401117346,0,1063.0527083043648,2136.1054166087297
4ztlm44c3t9z56qqthlvrwzr,0.8183379169987819,0.3363868850953999,0.05780889835215275,0,717.7605603126715,1445.521120625343
4sr54cz965v6qcclqrtqq446,0.7177326642996953,0.28361725675736527,0.050415637392931575,0,632.6979416760182,1275.3958833520364
tmtvsrll56shw4qwz96swcsw,0.7869279317528255,0.3897907707790371,0.07235704443043653,0,721.4712240841691,1452.9424481683382
qzrtcsmlqv9v9zqm45z66h3l,15.42805564325894,0.978531439407168,0.0609567687158361,0,845.7648785267414,1701.5297570534829
4trh44l59vtw9l9m9v5q34t3,0.7587796327676348,0.28435224141213844,0.05501724050592617,0,841.1263293282537,1692.2526586565075
tlrq5tmw4hhvmzwrwqv6s3qq,9.953054506801202,0.4637160652005409,0.06879473673648206,0,959.5277563902125,1929.055512780425
5qtwtvss4wr5qq4mc9qq99sv,0.8383904119225023,0.3998751483537323,0.07937263175926314,0,815.9924924417279,1641.9849848834558
4hr9435wrmtr9cmh6rsq649l,0.5922939407294238,0.12504167528497184,0.03189424995471046,0,394.16929440139285,798.3385888027857
4rrsllz6vtv6szqzc99l3lvc,0.6285598356306135,0.2731200113443137,0.06177117809791151,0,798.8178803479303,1607.6357606958607
43t3wllrrc4l4h53hh5ltzr3,0.5299656666013053,0.13403167457049275,0.0361273702437583,0,636.5691217646839,1283.1382435293679
9lrhcmtvh4r49zsz36t54srv,0.5303119601021138,0.0805770815951461,0.03922366497962185,0,996.0571654685633,2002.1143309371266
qvrvtrw9mztw6ztlh4s6szmr,0.7026092387227676,0.3192693353092737,0.05331484112963518,0,625.4117412032581,1260.8234824065162
wvrr5v64q9hshzrl634hh9lm,0.7023810524338127,0.3620537976614019,0.05650078306395822,0,583.6748811661616,1177.3497623323233
45rvvrqhl634hzmz66ww4slv,0.7815349190927444,0.37368875577471705,0.07557338963931662,0,796.0685995795607,1602.1371991591213
